"Comment","User","ReplyCount","LikeCount","PublishTime","CommentId","ParentID","ReplyToAnotherUser","VideoID"
"Watch Real World problem solving using R language on this link :

https://www.youtube.com/watch?v=60PeLX4l8Zo","Colour Mediaworks","0","0","2017-11-26T20:57:46.000Z","UgzjyRXfWK-6v9wXWl54AaABAg","None","FALSE","W2GZFeYGU3s"
"Pascal did not die: https://www.embarcadero.com/products/delphi
For a language guaranteed not to disappear within our lifetimes: C++
R seems like a fine language, with some real quirks.","Chuck Becker","0","0","2017-07-13T20:24:51.000Z","Ugi4jJo13yMfbXgCoAEC","None","FALSE","W2GZFeYGU3s"
"Is it safe to assume that user base of R are more business oriented people than hardcore CS or It professional?","Swarnkar Rajesh","1","1","2017-06-26T06:41:32.000Z","Ugj3wgZZENaQFXgCoAEC","None","FALSE","W2GZFeYGU3s"
"thank you","Aparajito Sengupta","0","0","2017-06-04T12:55:42.000Z","Ughud2ivxXl6yngCoAEC","None","FALSE","W2GZFeYGU3s"
"Very good video","James Piazza","0","0","2017-05-26T03:17:24.000Z","UghZp0AAbyb12HgCoAEC","None","FALSE","W2GZFeYGU3s"
"Useful tip- Just scrolled down and only listen to his voice without looking at his face. I did that and then I could finish the video. Yuppy!","GD","0","1","2017-02-21T15:34:51.000Z","UggZcLB_o2PP43gCoAEC","None","FALSE","W2GZFeYGU3s"
"Which language is purchase only , i dont know any ?","Suraj Jain","0","1","2017-02-05T15:58:05.000Z","UgjjPwytMUtQGXgCoAEC","None","FALSE","W2GZFeYGU3s"
"Hello  Brown, what do you think about Julia.....one of my professor always urged us to learn Julia though I dont find any good tutorial on Julia and dont know whether it will die shortly like you mentioned for Pascal. I am bit confused in between R and Julia","Adrienne Welch","0","0","2016-12-27T22:41:34.000Z","Ugiy3S-ID2Ri83gCoAEC","None","FALSE","W2GZFeYGU3s"
"I agree with everything in your video about R.  Have you tried Free Pascal http://www.freepascal.org/ with Lazarus http://www.lazarus-ide.org/?  I have used fpc for fun to run some of my undergraduate pascal programs from the late 80's still run.  fpc is available in most linux repos.","Eric Suess","0","0","2016-04-04T03:15:56.000Z","UghBVqdNPuzXC3gCoAEC","None","FALSE","W2GZFeYGU3s"
"Isn't SAS better and more valuable to know than R?","EvaSlash","1","0","2016-03-21T07:32:53.000Z","UgguxAFU7aBc_3gCoAEC","None","FALSE","W2GZFeYGU3s"
"BEST R language BOOKS EVER
   The Art of R Programming: A Tour of Statistical Software Design
   http://amzn.to/22pmUn7
   R Language: for Absolute Beginners
   http://amzn.to/22pmSM6
   R Cookbook (O'Reilly Cookbooks)
   http://amzn.to/1PiaiBp
   R in Action: Data Analysis and Graphics with R
   http://amzn.to/1UbNpYL
   An Introduction to Statistical Learning: with Applications in R (Springer Texts in Statistics)
   http://amzn.to/21Akix9","Tan Pham Van","0","3","2016-03-19T09:16:04.000Z","Ugjo185k5zBCsXgCoAEC","None","FALSE","W2GZFeYGU3s"
"BEST R language BOOKS EVER
   The Art of R Programming: A Tour of Statistical Software Design
   http://amzn.to/22pmUn7
   R Language: for Absolute Beginners
   http://amzn.to/22pmSM6
   R Cookbook (O'Reilly Cookbooks)
   http://amzn.to/1PiaiBp
   R in Action: Data Analysis and Graphics with R
   http://amzn.to/1UbNpYL
   An Introduction to Statistical Learning: with Applications in R (Springer Texts in Statistics)
   http://amzn.to/21Akix9","Tpv tpv","0","0","2016-03-19T08:49:36.000Z","UgjhbMik5sluxngCoAEC","None","FALSE","W2GZFeYGU3s"
"This guy has forgot  DELPHI that still exist now in 2015 and is the continuation of Pascal and oriented objet pascal Embarcadero provide RAD studio IDE in pascal  and now also Free pascal is still alive from what I know . From my point of view Pascal will still have good day to live and go futther .","Pifrond","1","1","2016-02-15T01:29:41.000Z","Ugh_G8UgvlsUxngCoAEC","None","FALSE","W2GZFeYGU3s"
"A basic - Android mobile app.
This might be helpful.

Go to >> google Play Store >> type ""R Programming Solution"" >> then install and enjoy.
Or directly can be found from the following link.
https://play.google.com/store/apps/details?id=com.sanjoy.rapp&hl=en","Learn R Programming in Bangla","0","0","2016-01-23T15:03:34.000Z","Ugilk9U0-WRVq3gCoAEC","None","FALSE","W2GZFeYGU3s"
"Eh... FORTRAN is still widely, widely used.","Alejandro Castellanos","5","2","2016-01-16T03:31:25.000Z","Ugio_hEwCkHcUXgCoAEC","None","FALSE","W2GZFeYGU3s"
"Eh... FORTRAN is still widely, widely used.","Alejandro Castellanos","0","0","2016-01-16T03:27:04.000Z","Ugis1701J1OBhHgCoAEC","None","FALSE","W2GZFeYGU3s"
"After  watching this.. I am curious to learn.. R !! Thanks","Sandeep Verma","0","1","2015-12-06T09:46:47.000Z","UgiJMjDzqsvf2XgCoAEC","None","FALSE","W2GZFeYGU3s"
"Thanks, its good to know what you are learning R for, and this message helps clarify that.","Yvette Schlussel","0","0","2015-10-22T17:30:46.000Z","UgguVoQXE4FpWXgCoAEC","None","FALSE","W2GZFeYGU3s"
"don't you dare say a bad word about FORTRAN, real men still use it, and will keep using it.","bocckoka","0","9","2015-08-24T18:31:22.000Z","Ugim_Es9Az69HngCoAEC","None","FALSE","W2GZFeYGU3s"
"Today I am beginning to learn R programming with Coursera, very excited about that!! It's going to be my first programming language.","Laura Alejandra Manchola Rojas","13","16","2015-08-22T21:21:35.000Z","UghZLYaF9fFH-XgCoAEC","None","FALSE","W2GZFeYGU3s"
"I seriously need to up my statistical skills. I've used SPSS for my masters work and am self taught for that program and for the statistics I used. I looked at R, but it seemed daunting with the huge learning curve I had. I use GIS too, and just read that ESRI has built a bridge for R to ArcMap. How does one begin to learn R? Youtubes?","Yvette Wiley","8","3","2015-07-25T05:12:20.000Z","UgjyoWcFP0xnBXgCoAEC","None","FALSE","W2GZFeYGU3s"
"I don't agree, learning language that lasts for decades would be important in world where programming means only knowing syntax.
I believe that in this world where we live in you should learn a new programming language (with different paradigm) every year and once in a while take a look back at some old code you wrote and see how different programming environments shapes your programming (crafting) skill.

p.s. and what about freepascal?","moofymoo","0","1","2015-06-08T20:08:06.000Z","UgjlMOCuMIJ-UXgCoAEC","None","FALSE","W2GZFeYGU3s"
"Well.. I think you've made my choice clear :)","John Toal","0","0","2015-05-05T23:06:55.000Z","UggPGbKAk9101HgCoAEC","None","FALSE","W2GZFeYGU3s"
"great video thank you for sharing that.","Ramin Armanfar","0","1","2015-04-12T01:28:26.000Z","Ugje-qXuNecbIngCoAEC","None","FALSE","W2GZFeYGU3s"
"Need some advice guys. As a medical graduate will learning R programming help me to boost my CV specially when applying for research electives and stuff ? ","wael sayed","0","1","2015-03-22T22:58:42.000Z","UgjCx2Q-ogI-e3gCoAEC","None","FALSE","W2GZFeYGU3s"
"Hello. Its 2015 as I watch this video. Is learning the R programming language still worth it?","Ernesto Oropeza","2","0","2015-03-11T04:40:04.000Z","UghI93AbivLmmXgCoAEC","None","FALSE","W2GZFeYGU3s"
"One word only: Fantastic!

Thanks a lot :D","Victor Augusto","2","3","2014-09-17T17:44:57.000Z","UghAjmxAFhHQ_3gCoAEC","None","FALSE","W2GZFeYGU3s"
"Thanks for the Video. I faced the same problem when I learned SAS. Now I am out of learning and can't have access to it. besides SAS is freaky expensive  around $ 10,000 and who is gonna pay for that? R is daunting at first but offers many advantages in the middle to long term. chiefly its free and means that you can readily download it and perform all the cutting edge statistical- Econometics tests and advanced tests for data analytics","sammy0722","0","1","2014-09-04T22:44:31.000Z","UggPZfAQ6VHnt3gCoAEC","None","FALSE","W2GZFeYGU3s"
"I discover you channel today, and I saw your videos... Thanks very much... I know now that I must lear R; I know that I don´t have any knowledge of programming, but I want to lear and your videos help so much. Thanks again.!","Roberto CC","0","0","2014-06-07T02:51:38.000Z","UggX7VEe5_TS8ngCoAEC","None","FALSE","W2GZFeYGU3s"
"You can buy Pascal compiler and it is relatively common. It is called Embarcadero RAD Studio (Formerly known as Delphi) and There is a great open source Pascal compiler called FreePascal.","Baqer Mamouri","2","0","2014-05-15T07:11:25.000Z","UghalWkPC-CQtXgCoAEC","None","FALSE","W2GZFeYGU3s"
"tall grey commands that you learn r","matt605","0","1","2013-11-30T02:12:51.000Z","Ughi4OuspkR8IHgCoAEC","None","FALSE","W2GZFeYGU3s"
"What tool u used for Editing Video background ??","khizer shaikh","0","2","2013-11-26T07:36:22.000Z","UghamGwgI4-76HgCoAEC","None","FALSE","W2GZFeYGU3s"
"lmao.. fortran","vincent10kd","0","0","2013-09-08T18:19:55.000Z","UgxOEXYuiWRZYDRmLX94AaABAg","None","FALSE","W2GZFeYGU3s"
"Save Walter White! ","MrFundash","0","0","2013-09-02T09:49:14.000Z","UgwWH1rqJi05MhfITgF4AaABAg","None","FALSE","W2GZFeYGU3s"
"fortran is awesome for hardcore array-based numerical methods. still very much alive and in use.","nbren12","0","0","2013-06-13T06:08:56.000Z","Ugyq0zbe4NVnRYPtgZd4AaABAg","None","FALSE","W2GZFeYGU3s"
"Try C++ ;). It is great
","Niko Vujić","0","0","2013-05-29T20:26:52.000Z","UgxvD8rlbGVmj2xAaBh4AaABAg","None","FALSE","W2GZFeYGU3s"
"I am a fledgling researcher of the field of operations research and found R to be very useful tool for statistical analysis. It really improved my productivity and I am just beginning to grasp it.","tkzubaran","0","0","2013-05-27T22:51:07.000Z","Ugz9sMaW7aEj950WfQF4AaABAg","None","FALSE","W2GZFeYGU3s"
"Nice info thx a lot.
","Ri Ji","0","0","2013-02-23T21:26:31.000Z","UgwUbKLH4TEurXA8p_B4AaABAg","None","FALSE","W2GZFeYGU3s"
"i swear to god i thought he said 4chan at 0:29","Jonathan Tai","0","0","2013-01-19T13:28:41.000Z","UgyCzd65izDZvbd55QB4AaABAg","None","FALSE","W2GZFeYGU3s"
"coursera.com offers some free online courses about R. just go to that website and search ""data analysis"" and you''ll find them :)","bindao810","0","0","2013-01-14T04:52:01.000Z","Ugxcs2rWrOE7Rk5oTY14AaABAg","None","FALSE","W2GZFeYGU3s"
"check the ""Computing for Data Analysis"" course on Coursera
coursera(dot)org/#course/compdata","Mahmoud Elkhteeb","0","0","2013-01-04T14:26:39.000Z","UgwUKRw1A4xf2h8OGCJ4AaABAg","None","FALSE","W2GZFeYGU3s"
"Wow two years for a comment. FP/Lazarus is very much alive and well, outside the USA. It pays my bills, let's me live and work for myself I do quite nicely with it. How exactly is that bad?","dagda825","0","0","2013-01-01T14:16:40.000Z","Ugx6OlnpHjZ8Zwbsivt4AaABAg","None","FALSE","W2GZFeYGU3s"
"Love PYTHON too.  ","Tetrodioxide","0","0","2013-01-01T07:04:11.000Z","UgyiwUH0-gZioiRwitl4AaABAg","None","FALSE","W2GZFeYGU3s"
"PYTHON forever.....;-)))))
","pythonxcoder","0","0","2012-12-20T22:51:01.000Z","UgyOWW8ufz6mxqZvnkF4AaABAg","None","FALSE","W2GZFeYGU3s"
"where's a good place to learn R online?","Seanicus McCormick","0","0","2012-11-10T02:27:56.000Z","UgxNRIe8rkusjC4Lhlx4AaABAg","None","FALSE","W2GZFeYGU3s"
"Go work for SR research, experiment builder still use Pascal... if you want to code directly you need the blow the dust off some old Pascal books and get cracking :)
","Gordon Brown","0","0","2012-09-26T22:24:08.000Z","UgwkvhmsinZ228Hf5L14AaABAg","None","FALSE","W2GZFeYGU3s"
"Do you have a blog, or a twitter I can follow. I am new to R and you seem pretty good at it.","Julio Palma","0","0","2012-09-18T17:21:07.000Z","UgyOefAWH26YXG6ESyh4AaABAg","None","FALSE","W2GZFeYGU3s"
"Easy to use? What a joke.
R syntax is, by far, the most complicated, twisted, inconsistant, ill-designed programming language syntax ever. ","haltux","0","0","2012-08-29T08:03:52.000Z","Ugy256DbSoMU8x-EY7x4AaABAg","None","FALSE","W2GZFeYGU3s"
"11 people are frustrated SPSS users.","Don't Worry","0","1","2012-08-14T09:05:25.000Z","Ugw3lElk_ci0fdABDYd4AaABAg","None","FALSE","W2GZFeYGU3s"
"I'm not convinced. Can I write efficient code with it? Or is it one of those languages for ""non-programmers""? Can I easily do multi-threading? Efficient data structures and memory management? Design patterns? How about unit test support? How are the compile time errors? What sort of type/binding system? How is the debugger? How fast does it run?

Free/Open is not enough. I wish you had expended on some of the key issues that are relevant when choosing a language/tool.","SoftwareEngineer3","0","0","2012-07-23T15:54:36.000Z","UgwbGA7viaNNu-skB714AaABAg","None","FALSE","W2GZFeYGU3s"
"Thank you !! I have not made any choice yet, so R R ","jooyee99","0","0","2012-07-15T19:40:18.000Z","UgydKGA3s_PdjaiTKO94AaABAg","None","FALSE","W2GZFeYGU3s"
"Good Stuff, I'm going to start today ! Thanks for the video","fizban64","0","0","2012-04-01T06:09:40.000Z","UgwspPNN2HYgFgfhD554AaABAg","None","FALSE","W2GZFeYGU3s"
"silahkan beri komentar anda""by ronisyahrony""","Roni Syahrony","0","0","2012-03-21T03:43:54.000Z","UgzqOoUQxuWe3i2IxqV4AaABAg","None","FALSE","W2GZFeYGU3s"
"Daumen hoch, wenn ihr VWLer von der Uni Mannheim seid :D","BruellwuerfelTV","0","0","2012-03-14T22:10:45.000Z","UgyxXL5FkKy5o0dFjrV4AaABAg","None","FALSE","W2GZFeYGU3s"
"@GRIFF74 Good point.  You can add to that; and what about Free Pascal (FP) an open source compiler, not to mention Lazarus the open source equivalent of Delphi.","clashpeanan","0","0","2012-01-03T19:23:48.000Z","UgzgIZMCJEC65aKl0Sp4AaABAg","None","FALSE","W2GZFeYGU3s"
"Why would you want to pay for something that is free. Take a look at freepascal and project lazarus . Pascal dead ? Far Far Far from it. TIOBE INDEX has Pascal as the 15th position while R is at 27th ! Its seems more like R is almost dead. A lot of misinformation in your video and yes i read your more info box, but still EXTREMELY misleading.","Kilon Alios","0","0","2011-12-02T17:47:03.000Z","Ugy7TzG1vh4Jr_TJidp4AaABAg","None","FALSE","W2GZFeYGU3s"
"@FarsightPress thanks farsightpress... now let's say i am ready to learn R. i haven't done any programming before - can you spend few minutes suggesting where i should begin. i don't see my professor till after two weeks, and the only thing he mentioned was, 'start into looking at programming in R'. i would highly appreciate it. ","SoHoTandCool","0","0","2011-05-01T01:35:13.000Z","UgzJa3oW4SzcGO8hbVh4AaABAg","None","FarsightPress","W2GZFeYGU3s"
"@SoHoTandCool 
I always recommend following the advice of your own professors, since they are the ones guiding your education. On the other hand, you also need to follow your instincts. Thus, I advise doing what your professor says as well as trying out some of the other software that interests you. No need to be exclusive. Explore.","FarsightPress","0","0","2011-04-30T16:48:13.000Z","UgwtRe5IRUnc-wwu82d4AaABAg","None","SoHoTandCool","W2GZFeYGU3s"
"awesome - i talked to one of my professors at my school last week. the professor does bioinformatics and he suggested i learn R. the problem is i am a hard core biologist, who is fascinated by the human genome and want to dig into it using some softwares. my good professor thinks R is the way to go, what do you think? thanks for the information - you are a good sales man, i am already looking into how to download R and put it on my mac. ","SoHoTandCool","0","0","2011-04-30T14:43:47.000Z","UgzAhAqeDJUNBOmEdaV4AaABAg","None","FALSE","W2GZFeYGU3s"
"Pascal is a general-purpose programming language while it seems R is a special-purpose programming language for statistics. This makes it very narrow in scope. The speaker must be a statistician and was using Pascal to do statistics. ","Tapajara","0","0","2011-04-30T13:27:31.000Z","UgwT1E2FCo8fS1b2vwx4AaABAg","None","FALSE","W2GZFeYGU3s"
"@PsycAndrew You can find some tutorials at off2themovies2 on YouTube
","Ed Boone","0","0","2011-04-20T18:32:52.000Z","Ugz8qaxT2-zVgBvlEkF4AaABAg","None","PsycAndrew","W2GZFeYGU3s"
"You can find some tutorials at off2themovies2.
","Ed Boone","0","0","2011-04-20T18:32:26.000Z","Ugy93fMa30zmYrMSiNV4AaABAg","None","FALSE","W2GZFeYGU3s"
"Good.","Muhammad Azam","0","0","2011-03-13T21:22:21.000Z","UgwaZZ1JS46TLwuYqxt4AaABAg","None","FALSE","W2GZFeYGU3s"
"I am an actuarial science student and want to learn aspects of R which will help me in my course.Can you please tell me how to go about it?I would really appreciate it.
Thanks a lot (in advance)","mazeofdevils","0","0","2011-02-13T03:01:09.000Z","UgwVcXXeBN0ILLAtSLZ4AaABAg","None","FALSE","W2GZFeYGU3s"
"R is kind of freaky to look at however...
","rei dv","0","0","2011-02-06T08:43:05.000Z","UgwfwMGzALSRSZZwZh94AaABAg","None","FALSE","W2GZFeYGU3s"
"youtube.com/watch?v=KOLkgqeSFPQ","supermatti78","0","0","2011-01-09T03:10:17.000Z","Ugw5ruC0sI5KNRJjbZN4AaABAg","None","FALSE","W2GZFeYGU3s"
"@Tank8484 You have a misconception of Python. You can write GUI apps, console apps, text processing apps, web apps, games, and yes, scripts in Python.  ","bytejuggler","0","0","2010-10-28T22:41:29.000Z","UgwtOqwVz_PDw7pEJKp4AaABAg","None","Tank8484","W2GZFeYGU3s"
"R and python are must learn languages for researchers. Invest in open source!!","shax108","0","0","2010-10-18T02:03:10.000Z","UgzoEdRgQ-dopM9A91V4AaABAg","None","FALSE","W2GZFeYGU3s"
"@GRIFF74 
I mention this in the sidebar comments for the video. Delphi is an object oriented evolution of early Pascal. My intent is not to downplay any of the many new incarnations of any language, but to point out that R should be reasonably long-lasting in its structure.","RenegadeThinking","0","0","2010-10-09T19:28:12.000Z","Ugwqj8sb7Csio77QVVN4AaABAg","None","FALSE","W2GZFeYGU3s"
"I am convinced this must have been the language that Fegelein used to rebel against Hitler and find Wallee.
We must capture Fegelein and bring him to justice for his crimes! Fegelein! Fegelein! FEGELEIN!!!!","Yatukih001","0","0","2010-10-06T12:12:20.000Z","UgyZ0IbrFc6CiNPwRfp4AaABAg","None","FALSE","W2GZFeYGU3s"
"I still use BASIC (blitzplus), for prototyping.
It is pretty easy to use, no complex compiling + linking steps are required, you can check things in almost no time.
I always write the production code in other languages, but BASIC still is, at least to me, the perfect language for testing equations, prototypes, etc...","Rui Barbosa","0","0","2010-09-19T16:36:53.000Z","Ugw0g6NuvmcWr7Ml85x4AaABAg","None","FALSE","W2GZFeYGU3s"
"Thank You Dr Brown for the presentation. A few tutorials will be a good continue.","bokxser","0","0","2010-08-22T04:55:20.000Z","Ugwj_BUuKRljMnRb8Ph4AaABAg","None","FALSE","W2GZFeYGU3s"
"Don't know why, but I've always had an affinity for software named with a single letter.

C, R, X","Jesse Maurais","0","0","2010-08-13T02:22:54.000Z","UgzoibUSSwYtb1AZypl4AaABAg","None","FALSE","W2GZFeYGU3s"
"@DanieleNiero Python is a language for mostly making prototype apps. Python is a script language. ","Tank8484","0","0","2010-08-06T11:23:22.000Z","UgyfCvw0cBLhm1QLdcV4AaABAg","None","FALSE","W2GZFeYGU3s"
"@RenegadeThinking  Delphi is alive and well, too. I've used Delphi 2010 and it's an excellent programming environment. Not knocking R, mind you. Basically if the language makes sense and you're productive in it then that's all that really matters. Free Pascal does what Java does (runs most anywhere) but with machine code, not a virtual machine :-) Cheers! ","dagda825","0","0","2010-07-11T19:25:47.000Z","UgzpLJ7SAJDOv0e0KqJ4AaABAg","None","RenegadeThinking","W2GZFeYGU3s"
"@dagda825 
Good point. I mention this in the video comments.","RenegadeThinking","0","0","2010-07-05T21:23:48.000Z","UgzRb7YYdi5tPlW_o8N4AaABAg","None","dagda825","W2GZFeYGU3s"
"I guess he never heard of Free Pascal. Pascal is alive and well, and I use it as my primary language.","dagda825","0","0","2010-07-05T16:55:08.000Z","Ugy_Y-tbbwuXDtSbGlN4AaABAg","None","FALSE","W2GZFeYGU3s"
"why don't use Python which is widely used around (ILM, NASA, Google)?","Daniele Niero","0","0","2010-04-23T03:57:10.000Z","UgyvkBgDe8zUh-l2RoV4AaABAg","None","FALSE","W2GZFeYGU3s"
"Dear Dr Brown, 
I am a masters student and previosly i have been familiar with C and C++ coding language, It has been a long time since I have used any programming language. but recently i want to get back into it. Could you suggest how else i should get about learning this new language. Thank you","nabin rajbhandari","0","0","2010-02-02T18:25:34.000Z","Ugwz6T0Rrg3QB0-fUSl4AaABAg","None","FALSE","W2GZFeYGU3s"
"Great Video.  Post some R tutorials! :)","PsycAndrew","0","0","2009-09-23T15:56:30.000Z","UgwpALifME2Quf0-N1B4AaABAg","None","FALSE","W2GZFeYGU3s"
"People use R for all sorts of purposes. But it is different from programs such as C++ which are used for constructing applications.","FarsightPress","0","1","2017-06-26T10:43:45.000Z","Ugj3wgZZENaQFXgCoAEC.8UGGONHk04s8UGh6RTf8Sf","Ugj3wgZZENaQFXgCoAEC","Swarnkar Rajesh","W2GZFeYGU3s"
"As Mr.Brown says you will not always have access to other not free-to-use systems, SAS as well, simply because you need to buy it.
For instance, if you are working at startup or one of SMEs, which are not always capable to buy and provide you with paid access to that systems, like SAS. So you can always use R.","Александр Иванов","0","0","2016-12-18T09:06:18.000Z","UgguxAFU7aBc_3gCoAEC.8Bfk0DsFXe38McHvTXezv1","UgguxAFU7aBc_3gCoAEC","EvaSlash","W2GZFeYGU3s"
"+Pifrond I was about to say that. I too am a Delphi programmer and never have considered myself to be an ""orphan"".","Adrian Stefanescu","0","0","2016-03-23T14:03:30.000Z","Ugh_G8UgvlsUxngCoAEC.8AFycPU2s888BlaIt0CNYS","Ugh_G8UgvlsUxngCoAEC","Pifrond","W2GZFeYGU3s"
"+Nazgul Linux I never said C is limited. It's _not_.

It's (likely) the most versatile language there is. It just happens to be *ugly as shit.*

Personally, R is not my jam. It's too slow, I'm not big on using statistics (yet?), and and Julia seems poised to take it over eventually (or maybe I just like using for loops...).

Back to the topic: you also have to consider that physicists and mathematicians are _not_ prgrammers or even language enthusiasts -- they are _physicists_ and _mathematicians_. If you look at algorithms intended to solve physics or math problems, made by physicists and mathematicians, they look like monstrous fossils made in FORTRAN. Even their popular books with numerical recipes look outdated and quite out of touch compared to anything computer sci students or software engineers use... but they _work_. And they run hella _fast_. *As fast as its equivalent made in C*, absurd as that may sound. And they use it to do a ton of different things, from parallel programming (mpi, CUDA, OpenCl) to run things like Astrophysics problems, quantm problems, classical problems, etc., running with LAPACK, ARPACK and who knows what other kinds of hyper-optimized ancient code bits that power Mathematica, MATLAB, OCTAVE, etc.

Maybe you can make the argument that it is an outdated zombie language being kept alive by dudes/dudettes that refuse to get on with the times... but there's a reason why Fortran has that name: *FOR*mula *TRAN*slation.

And while it may be an _extremely_ limited language for wider use, it still works wonders for what it is intended to do. Most of the everyday applications that require physics work like GPS geolocators, signal decoding packages, mechanical tension flow, fluid dynamics, EM simulation at different scales, and even materials simulation... most of them still run with this ancient thing under the hood, using ages old recipes scrounged from all over the place.

As I said, I personally don't use it if I can help it, but I still see it being heavily used in academic settings. Even by undegrads that could spend their time learning Julia, python libraries, learning R, or something else, which is quite insane but that's how things are at the moment.","Alejandro Castellanos","0","0","2016-11-13T18:01:20.000Z","Ugio_hEwCkHcUXgCoAEC.892whn6_jqA8LE7KXrCIAP","Ugio_hEwCkHcUXgCoAEC","Nazgul Linux","W2GZFeYGU3s"
"+Alejandro Castellanos
*""...Personally I don't use Fortan any more if I can help it. There's Julia, Python bindings to other stuff, etc...""*

Lets not forget S and it's successor R for scientific data analysis.

For me, when speaking on execution speed, I see this area as being more hardware dependent than compile/assemble/execution speed due to advances with multi-threading. C is more used for lower level code such as the Unix kernel, Linux kernel, and many, MANY Iot embedded projects. C++ is mainly used for graphical environments and gaming. Not ANSI C.

I do notice how Python's module-structured libraries are gaining a lot more traction in the past 10 years however. Especially in the deep learning and machine learning department. Tensorflow immediately comes to mind.

But going back to it, C is not as limited as you may believe. It can be used for almost every facet of coding you can think of. Will it be as fast as a few other task-specific languages? Maybe not. But as I mentioned earlier, I take this as more of a hardware bottleneck rather than execution bottleneck.","Nazgul Linux","0","0","2016-11-13T17:11:47.000Z","Ugio_hEwCkHcUXgCoAEC.892whn6_jqA8LE1eZyhf98","Ugio_hEwCkHcUXgCoAEC","Alejandro Castellanos","W2GZFeYGU3s"
"+Nazgul Linux NOPE. You are trying to square a circle, here.

Fortran, fucking fossil that it is, is intended for technical/scientific use. That's what it is for. Not making video games, or computer graphics, or web applications, or whatever. Pure science and nothing more. And it already rivals C in speed (and even beats it in several areas) so, really, what else do you want?

Personally I don't use Fortan any more if I can help it. There's Julia, Python bindings to other stuff, etc. But it still doesn't change the fact that, as far as science goes, Fortran is still very much relevant, and still very much in use. Especially by physicists.","Alejandro Castellanos","0","0","2016-11-13T16:06:37.000Z","Ugio_hEwCkHcUXgCoAEC.892whn6_jqA8LDvCHOB96q","Ugio_hEwCkHcUXgCoAEC","Nazgul Linux","W2GZFeYGU3s"
"People saying this aren't necessarily incompetent with Fortran. Perhaps they call it obsolete because of superior languages such as C which can be used in almost any coding environment at almost all levels of hardware communication. A language such as C, that is this flexible, has made Fortran obsolete.","Nazgul Linux","0","1","2016-11-13T13:39:47.000Z","Ugio_hEwCkHcUXgCoAEC.892whn6_jqA8LDeOrj1utG","Ugio_hEwCkHcUXgCoAEC","Alejandro Castellanos","W2GZFeYGU3s"
"+Alejandro Castellanos     I quite agree. Those who say that Fortran is obsolete or dead are ones who are unable for some reason to program in Fortran.","Vicente M. Reyes","0","0","2016-05-08T18:27:43.000Z","Ugio_hEwCkHcUXgCoAEC.892whn6_jqA8DcW6OcJZys","Ugio_hEwCkHcUXgCoAEC","Alejandro Castellanos","W2GZFeYGU3s"
"Clever Programmer oh hi!","PotatoGamer//PSCYBORG","0","1","2017-07-24T14:41:19.000Z","UghZLYaF9fFH-XgCoAEC.83ALKE5q1UY8VPDYw-PFso","UghZLYaF9fFH-XgCoAEC","Laura Alejandra Manchola Rojas","W2GZFeYGU3s"
"Why am I getting notifications about this?","Clever Programmer","0","1","2016-12-05T14:02:02.000Z","UghZLYaF9fFH-XgCoAEC.83ALKE5q1UY8M6LR2B17Wm","UghZLYaF9fFH-XgCoAEC","Laura Alejandra Manchola Rojas","W2GZFeYGU3s"
"It would be an added advantage to have some Basic Statistics knowledge. R is a statistical computing language.","Kimani Wa Ndirangu","0","1","2016-12-05T13:58:18.000Z","UghZLYaF9fFH-XgCoAEC.83ALKE5q1UY8M6L-j_SysX","UghZLYaF9fFH-XgCoAEC","Laura Alejandra Manchola Rojas","W2GZFeYGU3s"
"+Paul Lelyukh         English","Sean","0","0","2016-11-28T17:27:50.000Z","UghZLYaF9fFH-XgCoAEC.83ALKE5q1UY8LpgQFCmtiw","UghZLYaF9fFH-XgCoAEC","Paul Lelyukh","W2GZFeYGU3s"
"can you please tell to learn R do I need to know anything before or can I start directly. plz help me out thank you in advance..","Peter sunny","0","0","2016-08-29T13:40:00.000Z","UghZLYaF9fFH-XgCoAEC.83ALKE5q1UY8I9y0-Ttolo","UghZLYaF9fFH-XgCoAEC","Laura Alejandra Manchola Rojas","W2GZFeYGU3s"
"There is also edx which is a great resource for courses ran by high end institutions such as Harvard, MIT, Columbia etc :) You can often receive certification after these course as well due to their accreditation","Jordan Atkinson","0","0","2016-07-11T15:12:43.000Z","UghZLYaF9fFH-XgCoAEC.83ALKE5q1UY8GBxfBUFCZW","UghZLYaF9fFH-XgCoAEC","Laura Alejandra Manchola Rojas","W2GZFeYGU3s"
"+Wajeeh Ul Hassan first?","Paul Lelyukh","0","0","2016-06-29T14:04:02.000Z","UghZLYaF9fFH-XgCoAEC.83ALKE5q1UY8FhwGeBzH7F","UghZLYaF9fFH-XgCoAEC","Wajeeh Ul Hassan","W2GZFeYGU3s"
"+Wajeeh Ul Hassan what's the best language to learn","Paul Lelyukh","0","0","2016-06-29T14:03:45.000Z","UghZLYaF9fFH-XgCoAEC.83ALKE5q1UY8FhwEZUYUAn","UghZLYaF9fFH-XgCoAEC","Wajeeh Ul Hassan","W2GZFeYGU3s"
"If you're having issues finding a sufficient tutorial - try Datacamp. It starts off very slow (so you can comprehend the basics), then gets very in-depth by the end of all the chapters/courses.","Ryan Cope","0","0","2016-06-11T15:57:03.000Z","UghZLYaF9fFH-XgCoAEC.83ALKE5q1UY8EzmtegoAul","UghZLYaF9fFH-XgCoAEC","Laura Alejandra Manchola Rojas","W2GZFeYGU3s"
"+Laura Alejandra Manchola Rojas you chose the wrong language to start with","Wajeeh Ul Hassan","0","1","2016-02-26T05:53:46.000Z","UghZLYaF9fFH-XgCoAEC.83ALKE5q1UY8AhlaGfnJ28","UghZLYaF9fFH-XgCoAEC","Laura Alejandra Manchola Rojas","W2GZFeYGU3s"
"+Laura Alejandra Manchola Rojas Thanks!","ChinatownNoodles","0","0","2015-12-24T02:22:18.000Z","UghZLYaF9fFH-XgCoAEC.83ALKE5q1UY887aWVo_Ac0","UghZLYaF9fFH-XgCoAEC","Laura Alejandra Manchola Rojas","W2GZFeYGU3s"
"+ChinatownNoodles Well. I did the R programming course first and, as a beginner I didn't like it that much. It is poorly interactive and too much theory, like, too much really. I know the theory is important but as a beginner there was nothing interesting in knowing all that stuff and barely work on the program. 

If you wanna learn R programming, I recommend you Swirl. You learn while you work in R. It's very cool and you learn a lot.","Laura Alejandra Manchola Rojas","0","2","2015-12-23T20:44:45.000Z","UghZLYaF9fFH-XgCoAEC.83ALKE5q1UY886zt6uhWIm","UghZLYaF9fFH-XgCoAEC","ChinatownNoodles","W2GZFeYGU3s"
"+Laura Alejandra Manchola Rojas Did you do The Data Scientist's Tool Box first? Or is going straight for the R programming course fine for a beginner?","ChinatownNoodles","0","0","2015-12-21T18:24:43.000Z","UghZLYaF9fFH-XgCoAEC.83ALKE5q1UY881aGmp1gCR","UghZLYaF9fFH-XgCoAEC","Laura Alejandra Manchola Rojas","W2GZFeYGU3s"
"Keep at it, The Trader's TV! I finished but had a change in adviser and that helped me across the finish line.","Yvette Wiley","0","0","2016-10-12T00:25:44.000Z","UgjyoWcFP0xnBXgCoAEC.820W8l8nJNY8Juq54CYIZe","UgjyoWcFP0xnBXgCoAEC","Yvette Wiley","W2GZFeYGU3s"
"No problem, +Yvette Wiley , glad I could help!","George Thomas","0","0","2015-07-27T18:52:12.000Z","UgjyoWcFP0xnBXgCoAEC.820W8l8nJNY7-NcyoE7rCh","UgjyoWcFP0xnBXgCoAEC","Yvette Wiley","W2GZFeYGU3s"
"Thank you! ","Yvette Wiley","0","0","2015-07-26T20:26:30.000Z","UgjyoWcFP0xnBXgCoAEC.820W8l8nJNY7-LDyaD_-AL","UgjyoWcFP0xnBXgCoAEC","Yvette Wiley","W2GZFeYGU3s"
"+Yvette Wiley The text is in the text section of all the R videos for the statistics course. The textbook used for this course is: Statistical Methods for the Social Sciences (4th Edition), by Alan Agresti and Barbara Finlay, although the course can be used with any relevant textbook.","FarsightPress","0","0","2015-07-26T03:17:01.000Z","UgjyoWcFP0xnBXgCoAEC.820W8l8nJNY7-JO9PtdPRj","UgjyoWcFP0xnBXgCoAEC","Yvette Wiley","W2GZFeYGU3s"
"LOL, I already found that one and have watched it. I plan to watch his videos and lectures. I wish I knew what text book he was using. He said it was a good one but didn't say the name.","Yvette Wiley","0","0","2015-07-26T00:20:53.000Z","UgjyoWcFP0xnBXgCoAEC.820W8l8nJNY7-J4-NR8YpZ","UgjyoWcFP0xnBXgCoAEC","Yvette Wiley","W2GZFeYGU3s"
"+Yvette Wiley 
You can use this to help you:
https://www.youtube.com/watch?v=2-kw1MlOS1U&list=PL7mT7MDlWGhXS54yIGEjmck7Rmqp_WBBR","FarsightPress","0","1","2015-07-25T23:10:49.000Z","UgjyoWcFP0xnBXgCoAEC.820W8l8nJNY7-Iwz7RbO5L","UgjyoWcFP0xnBXgCoAEC","Yvette Wiley","W2GZFeYGU3s"
"Thank you, George! ","Yvette Wiley","0","0","2015-07-25T14:54:13.000Z","UgjyoWcFP0xnBXgCoAEC.820W8l8nJNY7-I38y1BCOU","UgjyoWcFP0xnBXgCoAEC","Yvette Wiley","W2GZFeYGU3s"
"+Yvette Wiley YouTube is one way to learn. I recommend the channel +thenewboston as he brings out new videos very often and is currently teaching R. I learnt Java and Python from him.","George Thomas","0","2","2015-07-25T14:30:09.000Z","UgjyoWcFP0xnBXgCoAEC.820W8l8nJNY7-I0OdsmFmV","UgjyoWcFP0xnBXgCoAEC","Yvette Wiley","W2GZFeYGU3s"
"+Ernesto Oropeza It worths even more.","Fariz Adnan","0","2","2015-10-21T13:18:48.000Z","UghI93AbivLmmXgCoAEC.7-H0Z7-QA-A78IizMytHWX","UghI93AbivLmmXgCoAEC","Ernesto Oropeza","W2GZFeYGU3s"
"Of course!! Another alternative is scala with Spark","Ronnie Rios","0","1","2015-03-18T21:58:31.000Z","UghI93AbivLmmXgCoAEC.7-H0Z7-QA-A7-_ty1_Whvl","UghI93AbivLmmXgCoAEC","Ernesto Oropeza","W2GZFeYGU3s"
"And another word: Fantastic!","Mohammad Sami Samim","0","0","2016-01-14T19:41:54.000Z","UghAjmxAFhHQ_3gCoAEC.7-H0Z7-FYET89-XB7US11B","UghAjmxAFhHQ_3gCoAEC","Victor Augusto","W2GZFeYGU3s"
"Another word, fantastic !","DavidAKZ","0","0","2015-02-19T02:27:27.000Z","UghAjmxAFhHQ_3gCoAEC.7-H0Z7-FYET75UUlhNLqu7","UghAjmxAFhHQ_3gCoAEC","Victor Augusto","W2GZFeYGU3s"
"+Baqer Mamouri It's still an extremely useless language, and become even more useless as time passes by.","Fariz Adnan","0","0","2015-10-21T13:19:56.000Z","UghalWkPC-CQtXgCoAEC.7-H0Z7-ODtE7KMwGiIX2Qm","UghalWkPC-CQtXgCoAEC","Baqer Mamouri","W2GZFeYGU3s"
"I'm pretty sure there will be legacy code out there, that no one knows how to manipulate so you can push the $/hr up :-)","DavidAKZ","0","1","2015-02-19T02:32:55.000Z","UghalWkPC-CQtXgCoAEC.7-H0Z7-ODtE7AXVGEki7nf","UghalWkPC-CQtXgCoAEC","Baqer Mamouri","W2GZFeYGU3s"
"How can I get this IDE? please help me everyone.","Mezter Mackzer","0","0","2017-08-29T12:03:54.000Z","UgxVofAxSkTJ3SCHvCh4AaABAg","None","FALSE","mL27TAJGlWc"
"it is good","mojgan ahrabli","0","0","2017-02-08T18:24:13.000Z","Uginbjx1FK3MOXgCoAEC","None","FALSE","mL27TAJGlWc"
"Hi +Ehsan Karim


How are you?

Recently I was surfing on Youtube. I come to know about your Youtube Channel. I have viewed so many of your videos. I become fan of your videos and style of making it and represent your ideas. 

I am so curious to know about How did you start this? please tell your story

Who did you inspire to motivate to make this amzing and useful videos.?

Why did you start this channel?

How many hours do you give in a week? do you work full time or work on weekends?

Which kind of opportunities do you start getting after making this videos?

How much money do you get from google adsense?

Is it good idea to make videos for full time?

What do you think if everyone start making their own youtube channel to teach something then what will be the future of education?

How much money did you invested to record and edit this videos?

Do you your own studio?

which tools do you use to record these videos and which software do you use for editing?


What message and tips do you like to inspire others to make educational youtube videos?","Emilie Priyadarshini","0","0","2015-08-23T06:45:41.000Z","Ugh_H_nhAqtwnngCoAEC","None","FALSE","mL27TAJGlWc"
"I wish someone would upload an S PLUS statistics tutorial !","jeremycanwalk","0","0","2013-04-20T05:45:33.000Z","Ugy1Q8IuCjOj_JXuqpp4AaABAg","None","FALSE","mL27TAJGlWc"
"man! amazing! I like this tutorial! I'm new in R! Thanks for this! I'll see the others!","outness777","0","0","2012-09-05T17:07:25.000Z","UgxEhYYuD5w8XeeAxBZ4AaABAg","None","FALSE","mL27TAJGlWc"
"whoa bud how much ram do you have because i see quite a few things running on the bottom right of your screen ","Sonic Seven","0","0","2012-08-25T09:22:50.000Z","UgyCSMcEX4-RC61mUql4AaABAg","None","FALSE","mL27TAJGlWc"
"Thanks si much, R seems a little less scary after viewing ur tutorial","rose0611","0","0","2012-07-30T07:18:42.000Z","UgwSiWznRujarRDuNot4AaABAg","None","FALSE","mL27TAJGlWc"
"thanks!","stopthatimmediately","0","0","2012-05-28T14:03:48.000Z","UgyoYZBwxYi_8bTuvv94AaABAg","None","FALSE","mL27TAJGlWc"
"Very nice. Thanks for the effort! And the captions were good too lol","animals0feel1pain2","0","0","2012-03-18T03:02:51.000Z","UgxhTfRtYg_Z-myGBYN4AaABAg","None","FALSE","mL27TAJGlWc"
"Nice tutorials... I made some tutorials in R also, check that out in my channel.","Analysis with Programming","0","0","2012-01-29T06:57:02.000Z","UgzAYO9gWnYWGn2-9454AaABAg","None","FALSE","mL27TAJGlWc"
"haa I remember this language you can install GUI on top of it rkward ","Sonic Seven","0","0","2011-09-02T05:41:46.000Z","Ugyg3PYrEtSGMmmT73h4AaABAg","None","FALSE","mL27TAJGlWc"
"Thanks for posting your tutorial! It's superb in order to get a first feeling for the program.","berzeljoe","0","0","2011-08-03T13:47:43.000Z","Ugyc1llEDlKGNVejXqR4AaABAg","None","FALSE","mL27TAJGlWc"
"very brief, fast and practical. right on to the problem. ","Boom","0","0","2011-01-26T22:44:42.000Z","Ugweiu54LGuLXDuSul14AaABAg","None","FALSE","mL27TAJGlWc"
"are these vectors? I would call them arrays.","PeeteyP","0","0","2010-11-26T14:05:02.000Z","Ugxd_PvqOOIMiLCaMrx4AaABAg","None","FALSE","mL27TAJGlWc"
"Awesome videos! Thanks a ton!","AntonChigurification","0","0","2010-09-21T04:04:00.000Z","Ugzk-nSVQxahWu8RTfp4AaABAg","None","FALSE","mL27TAJGlWc"
"just typing x  should also work if you want to print out the content of a variable :)","Tarnus88","0","0","2010-05-07T14:52:57.000Z","Ugxl9J16zGEZa48MLH94AaABAg","None","FALSE","mL27TAJGlWc"
"Thanks for these videos.  They are just what I needed.  Nice job!","vtcruzr","0","0","2010-04-11T19:08:05.000Z","UgxzXSm-e5bYvCUmnAl4AaABAg","None","FALSE","mL27TAJGlWc"
"Good Job,","Muhammad Azam","0","0","2009-06-13T23:30:41.000Z","UgzaqPBH0sBY45JN6s14AaABAg","None","FALSE","mL27TAJGlWc"
"Wonderful!  Thanks for the lesson, and the sub-titles were appreciated too.","ninejaguar","0","0","2009-01-28T06:17:24.000Z","UgzBROSUb_nkN_jPYol4AaABAg","None","FALSE","mL27TAJGlWc"
"Great video series. Thanks a lot.
Unfortunately the image quality is very bad and it is very dfficult to read and in full screen it is very unsharp.
Would you mind uploading a high quality version?","Thomas Haederle","0","0","2008-12-03T23:43:49.000Z","Ugx0D4GFo52QvhZJUN54AaABAg","None","FALSE","mL27TAJGlWc"
"This was exactly what I was looking for. Thanks!","h2ocolor28","0","0","2008-07-11T20:45:31.000Z","UgxS8kaDyULqUw53cCh4AaABAg","None","FALSE","mL27TAJGlWc"
