"","eventtime","userid","dbmauctionid","n"
"1",2017-07-07 00:31:14,"AMsySZbAAUZTexPZWY-0IV-vlqRf","ABAjH0i-Q1nwDTbVD22O96uazR3s",2
"2",2017-07-07 00:51:41,"0","ABAjH0hZVKwKta7QzrbkXgCmb_dM",2
"3",2017-07-07 01:02:33,"AMsySZaBlLAaNxf0pGkQBbSAMlrb","ABAjH0hUoa4_JOZrfXQWp3INfIt9",2
"4",2017-07-07 01:14:07,"AMsySZYG_Ca2Dfs6-ZtXvQG5qlb2","ABAjH0ieil35zc--_3MNelxvalYo",2
"5",2017-07-07 01:24:38,"AMsySZbOUsDZRqMjWmAiabYKzJJa","ABAjH0g5MLrQEUco6fmIIWOb_Yzf",2
"6",2017-07-07 01:43:17,"AMsySZZz6sEE6x56ObpGNVNVHcZT","ABAjH0gHFCEFfeibu9rz4bh0PZAE",2
"7",2017-07-07 02:03:28,"AMsySZb6BMr0ARzwJIqi5RuZS35r","ABAjH0glW6wfzBvO-Vw98-9tC45T",2
"8",2017-07-07 03:05:09,"AMsySZYBlGqe3Xiy-wXIaAJ6KG_u","ABAjH0iiyX7862vv6vJJLPYOCKJI",2
"9",2017-07-07 05:26:48,"0","ABAjH0gtxhccipt0f3Q4k0QDsS6_",2
"10",2017-07-07 05:27:58,"0","ABAjH0gwVByxfplWnAlsYvIUha1-",2
"11",2017-07-07 06:49:07,"0","ABAjH0j5SAZtqbtSuoD9W-Ug9TIP",2
"12",2017-07-07 06:58:04,"0","ABAjH0gIl5C-C5w_ZwrdN_XH7TRi",2
"13",2017-07-07 06:59:04,"0","ABAjH0gUxvRoRWaV2y3BFTqOfZt0",2
"14",2017-07-07 06:59:05,"AMsySZZEaHnPC30WlnNhRvX5InGK","ABAjH0gO5qzcYz5SOLQoJpF7A_Gw",2
"15",2017-07-07 07:03:34,"0","ABAjH0iGND7XshEOGbk8zQi5k9ds",2
"16",2017-07-07 07:18:31,"0","ABAjH0ivAIT3qcuC_8jr8kKo12x3",2
"17",2017-07-07 07:22:57,"AMsySZbvttvyyDFcShSkkQ5q_m3A","ABAjH0jgsv0JK0hN2z2gxlrmI3GP",2
"18",2017-07-07 07:30:46,"0","ABAjH0h3oOl1OJl2w5Ms57LxfEea",2
"19",2017-07-07 07:39:31,"AMsySZakfDIvgqzeavATHl6uRiE1","ABAjH0hvIsG--8U1lTpXyD2bjL-e",2
"20",2017-07-07 07:47:26,"0","ABAjH0hud0zHjrRdsJXqFB9avCDR",2
"21",2017-07-07 07:51:06,"0","ABAjH0j-AcmcC04MZvBstHRk5sgx",2
"22",2017-07-07 08:44:03,"AMsySZa-2axYK3gCROS3yzqI-SFN","ABAjH0h_TlMhhz52AZSXzVfHO9It",2
"23",2017-07-07 08:52:30,"0","ABAjH0gz6rY3r75TGYl9yfetgFDL",2
"24",2017-07-07 09:19:31,"AMsySZZiqdqQkM9Xvug__ua1npur","ABAjH0hm3WZjYLhPCaHD3X-IqaV7",2
"25",2017-07-07 10:19:29,"0","ABAjH0gz27Q2rzdo0WW9JZDXOrmW",2
"26",2017-07-07 10:22:06,"0","ABAjH0j7ItQDHu0mLu42xn1Rr5sM",2
"27",2017-07-07 10:26:35,"AMsySZYHUTwxGeEE5L8_j78viejM","ABAjH0h0PT6r2seSb8L5-1dm3noD",2
"28",2017-07-07 10:28:47,"AMsySZalhAefuwOUeKt0Y4a7Z46Z","ABAjH0gSx4Te_p5DwfVHoY1XTewp",2
"29",2017-07-07 10:49:21,"0","ABAjH0jt0ApkT_RL72WPN3cKjLW6",2
"30",2017-07-07 10:50:58,"AMsySZYev7aENiuwKtFy-wuywmrr","ABAjH0hpWsq4c7Ehjsw4QPIukVHs",2
"31",2017-07-07 10:54:31,"0","ABAjH0jdPw7xuXJGsQfVV2goYnVx",2
"32",2017-07-07 10:56:43,"0","ABAjH0hCdhRFQ3BKjkMiNGPciCBR",2
"33",2017-07-07 10:56:44,"0","ABAjH0i_SBC0h6fYV9RpfML7fExU",2
"34",2017-07-07 11:00:08,"0","ABAjH0ggGVW6u5I5NWsKpN1bhYxe",2
"35",2017-07-07 11:06:43,"0","ABAjH0hapUypj0Mx5TTqkRCmvEkK",2
"36",2017-07-07 11:07:41,"0","ABAjH0i2MSvmgEu5PTq5CrFJlX2U",2
"37",2017-07-07 11:09:08,"0","ABAjH0jNVIpG2Q5GOwJCj4JFpfd6",2
"38",2017-07-07 11:12:29,"0","ABAjH0g6_yFuCYqGKU1t3UOKgAbP",2
"39",2017-07-07 11:12:57,"0","ABAjH0i67K0fWGfy_3FghLaluMp3",2
"40",2017-07-07 11:13:22,"0","ABAjH0iyAfPIhyh7SvZmTgqACmwv",2
"41",2017-07-07 11:15:45,"0","ABAjH0g94bsctcZDMrzpnj6eNBKw",2
"42",2017-07-07 11:17:53,"AMsySZZdBZcEJK1Gy3JyqwL5Y8ic","ABAjH0gAy3uMCIy8NNK_5GcAbxl6",2
"43",2017-07-07 11:18:33,"0","ABAjH0iSAsFjgP8XIL9dFaXUiacX",2
"44",2017-07-07 11:21:39,"0","ABAjH0ipDT4a2vWnq0Hfqk9EBFqZ",2
"45",2017-07-07 11:24:16,"0","ABAjH0iQqCrvwWdFnJohvwLiQf5f",2
"46",2017-07-07 11:32:31,"AMsySZYPDAHtw1vww4VQZTGH3OYt","ABAjH0jIglav0v0hYqbL5reeuP8M",2
"47",2017-07-07 12:14:59,"0","ABAjH0iYHiAIwLdbH-OwJNfL3kcS",2
"48",2017-07-07 12:20:07,"0","ABAjH0h7pCn09joiYFNVF9HHaGLu",2
"49",2017-07-07 12:21:52,"0","ABAjH0hw_NPrnBxT-WL5Ka_9UtPW",2
"50",2017-07-07 12:24:16,"0","ABAjH0jc0VSa_CnbZB142ek6AgBH",2
"51",2017-07-07 12:25:12,"AMsySZbyy-iHBrFlaV3h7MI_i1Vi","ABAjH0hUK5TYL894Rd9oCfj8fsI7",2
"52",2017-07-07 12:25:38,"0","ABAjH0jgWWhJOE1qb8rwBlM8p_A6",2
"53",2017-07-07 12:25:42,"AMsySZbBfLsjeFecZGOJzgdQBb1U","ABAjH0ikboe1F8M3_RMwC6XoWfKo",2
"54",2017-07-07 12:30:17,"0","ABAjH0i3xVXSeLOChP5NvUDpMHRQ",2
"55",2017-07-07 12:31:27,"0","ABAjH0jsNgguHEqgkLLPsrnb-qgY",2
"56",2017-07-07 12:31:51,"0","ABAjH0g0Aksh9SYcRWiow4_QNsf9",2
"57",2017-07-07 12:33:33,"AMsySZau09mlSiuHPM-StE6N6ZEo","ABAjH0i1Q8FjX7H9LxcyA7SYvTNq",2
"58",2017-07-07 12:35:29,"0","ABAjH0jkfp8gUKIkzKw3uZk0L19C",2
"59",2017-07-07 12:36:13,"0","ABAjH0jdTGdmKNeEyefXR-QJ3wRN",2
"60",2017-07-07 12:36:48,"0","ABAjH0i-RaoC1osQHItnlJk4Ms33",2
"61",2017-07-07 12:38:10,"AMsySZY091-_zF5O0Pw4Rc7opX_T","ABAjH0gVJ_yquzKAGUeo0oZ0JaOr",2
"62",2017-07-07 12:38:38,"AMsySZYvxuMLR9Y9qVPpAVyZsBPh","ABAjH0j0UevmPJvbMY6tUb3Nslz8",2
"63",2017-07-07 12:38:50,"0","ABAjH0jihDdscRkqV9wXTGA0JXt0",2
"64",2017-07-07 12:39:39,"AMsySZb6RDV6-28BtXrapyObB0-J","ABAjH0gNwbZ5-tk2z2vOPkQqjS0l",2
"65",2017-07-07 12:39:49,"0","ABAjH0jJnBP2RVHQDNR6CWPsYYi8",2
"66",2017-07-07 12:40:03,"0","ABAjH0jALOAu9bleDf_5gJamzNR4",2
"67",2017-07-07 12:40:31,"0","ABAjH0gx00rSMvzdtZmSEtdQOHF-",2
"68",2017-07-07 12:40:42,"0","ABAjH0jWu5tZS0YnK6jfbhoD0MRt",2
"69",2017-07-07 12:41:12,"0","ABAjH0hC79_un_AIZ2EWAyjkN2lz",2
"70",2017-07-07 12:41:42,"AMsySZYmwjnagEQOd16rRONZU3B0","ABAjH0gWBft0x1l3i6P4Xn8vo4OO",2
"71",2017-07-07 12:42:13,"0","ABAjH0gummgVEUP-JZP1U9EhrQZh",2
"72",2017-07-07 12:42:24,"0","ABAjH0ir6VHFf07SMLud98aKeKnq",2
"73",2017-07-07 12:42:33,"0","ABAjH0gNcEdhlouQYERin6EDZ-H4",2
"74",2017-07-07 12:42:47,"0","ABAjH0hVylD5E2zu-4t76O5WFLRe",2
"75",2017-07-07 12:42:51,"AMsySZbyGv48oQnVbxkqYzbLUk_q","ABAjH0i_JQ0PJx-19pt7yaUB9UFp",2
"76",2017-07-07 12:43:18,"0","ABAjH0h5bk4DK6kln38WYwreBzge",2
"77",2017-07-07 12:43:32,"0","ABAjH0iRKwHHE_zBXKqyJN_hg9_y",2
"78",2017-07-07 12:44:39,"0","ABAjH0jI8hxsMVHY-xwXl2Z8wkIz",2
"79",2017-07-07 12:45:17,"0","ABAjH0jlY7NRAvsd1W1CWwpdAMWk",2
"80",2017-07-07 12:45:42,"0","ABAjH0gdEHqAJNjnGJTiDr6disB4",2
"81",2017-07-07 12:45:50,"0","ABAjH0jnrhCvRIjwTsFfS95myYd_",2
"82",2017-07-07 12:45:53,"AMsySZaXfDLufzrQJVKhP-NgSehB","ABAjH0gZgGUOYyJ8YO930LPmoUs5",2
"83",2017-07-07 12:46:10,"0","ABAjH0gt6xdIFreDlUmNandlX_6M",2
"84",2017-07-07 12:46:40,"0","ABAjH0jReoyNf37Cy89fxd2ZtPQf",2
"85",2017-07-07 12:46:50,"AMsySZZpECDlFLoP0R90Az98EjXq","ABAjH0jNqcEO_3gMeqIojXWthRjJ",2
"86",2017-07-07 12:46:58,"AMsySZYjI5eWZUUR6jVrlpv6hC9Z","ABAjH0hwfJOfR8idurVuc5HWEou4",2
"87",2017-07-07 12:47:59,"0","ABAjH0iriEcBDMCmVSjKeSEPaoNr",2
"88",2017-07-07 12:58:58,"0","ABAjH0hLTDciAM88aWoXECtwQSwT",2
"89",2017-07-07 13:00:35,"0","ABAjH0gknNaPDoG3EjDHozK-ekdG",2
"90",2017-07-07 13:02:12,"0","ABAjH0hcRLQuHtj4zTuIVQW3ut1U",2
"91",2017-07-07 13:04:49,"AMsySZb8EZQkvvNNEi1m7Sv50LoN","ABAjH0hjWcUz7-7ASdI-Pt47z5yb",2
"92",2017-07-07 13:06:53,"0","ABAjH0iDRcg_ZCy17br8iWNRFqXR",2
"93",2017-07-07 13:07:23,"0","ABAjH0gH4HxLqmHPZJDD4DzMxQZM",2
"94",2017-07-07 13:07:43,"AMsySZZkJ81HO4ln14fshdbs32D5","ABAjH0iyVr6TwX4hUFHGI6F3K_Lq",2
"95",2017-07-07 13:09:06,"0","ABAjH0gQLo1zths4CdueeUBPgxjF",2
"96",2017-07-07 13:09:10,"0","ABAjH0gLK2_Wm6ulxkVPDvtOsDo4",2
"97",2017-07-07 13:09:17,"0","ABAjH0i12Ucws3lR9Mc1XB7gHGfL",2
"98",2017-07-07 13:13:18,"0","ABAjH0jz8zBmdW7qPcrXrvlaPcx-",2
"99",2017-07-07 13:14:33,"0","ABAjH0giwSN7ueYo7xEbA96H-D2F",2
"100",2017-07-07 13:15:19,"AMsySZa6t7F-gBbJtDgRCGfzKxIi","ABAjH0ij3439_KM6Qs6L7xlmg_Dt",2
"101",2017-07-07 13:18:32,"0","ABAjH0giG8AYJsXhCa6oENGpj0XC",2
"102",2017-07-07 13:19:29,"0","ABAjH0jNwNWHphTmyGUS-HQP6A0F",2
"103",2017-07-07 13:21:07,"0","ABAjH0iDt6y6QcFK6AtVZ9G3TqSs",2
"104",2017-07-07 13:21:35,"0","ABAjH0i39o4hGZ1_NSGSwilhaUJd",2
"105",2017-07-07 13:22:46,"0","ABAjH0goRRDOXeCT18GzLzicu9G1",2
"106",2017-07-07 14:07:48,"0","ABAjH0gLmf7e2x56CKUUj31RUM5P",2
"107",2017-07-07 14:08:04,"AMsySZYD-BjJ5NqGC8h5rdIsd2Ic","ABAjH0gyach1ihugpHppd-90RflJ",2
"108",2017-07-07 14:08:32,"AMsySZaS6dpOTWDj3XbjK7uF8Fif","ABAjH0gcaHvgn36buAgPxj-0eGTs",2
"109",2017-07-07 14:09:15,"0","ABAjH0i7daR6KtfASZvSvFx-hGNi",2
"110",2017-07-07 14:10:49,"0","ABAjH0iXn4KMgK4iSR4jdLXxcTAl",2
"111",2017-07-07 14:10:57,"AMsySZZNvG22_apcldnnDzjZZU48","ABAjH0iAnxkjo11SsgenAHZQ6dnR",2
"112",2017-07-07 14:11:22,"0","ABAjH0iadVNtJAEPQUuoVq0SzQvA",2
"113",2017-07-07 14:12:06,"0","ABAjH0g0hXCuK7inZGjEG8dnV0mU",2
"114",2017-07-07 14:13:01,"0","ABAjH0iR8RnBcgyOJsDw3s8mbgR2",2
"115",2017-07-07 14:15:25,"AMsySZadSb4kc6BBkrFekoOrf3VW","ABAjH0jWEw9AqvKpfWelsPmqAsUv",2
"116",2017-07-07 14:15:59,"AMsySZbmAzAZNUB36AfapocwGH_e","ABAjH0irw8xmHp3_7zYVv2UF0e4G",2
"117",2017-07-07 14:16:37,"0","ABAjH0inWbgzpyEZe6iloJ0h-yoi",2
"118",2017-07-07 14:17:12,"0","ABAjH0jD39temQ0SJC-kYO8KF10O",2
"119",2017-07-07 14:17:18,"0","ABAjH0jUPxmmyV5GOwtMuc8cZh1D",2
"120",2017-07-07 14:17:27,"0","ABAjH0iv2d_7COfEXuy8ZQ_0qDe9",2
"121",2017-07-07 14:17:55,"0","ABAjH0iKgKr6UsKgYOyM2ViVez7n",2
"122",2017-07-07 14:18:07,"0","ABAjH0i7zcSv0PkMOKelzhbZvVAg",2
"123",2017-07-07 14:18:22,"AMsySZYA6vlL7NaiSYAlhu2hR3x6","ABAjH0g989iUeNPkM9z3NvSBIiZn",2
"124",2017-07-07 14:18:39,"0","ABAjH0i_wFkAlqp7n4PLa9NkGmrs",2
"125",2017-07-07 14:18:45,"0","ABAjH0iWlR774ZIpYX6xSC-hxwvL",2
"126",2017-07-07 14:18:46,"0","ABAjH0iY9brGsB3fotlk4FmFrd0W",2
"127",2017-07-07 14:19:22,"0","ABAjH0h60TjXEDVrqba-tI0PYVxh",2
"128",2017-07-07 14:19:25,"0","ABAjH0i5bXmBH0tXcDx2V1o1-Cq5",2
"129",2017-07-07 14:19:49,"AMsySZbE4_08qEvyMdsZyWSi-eJS","ABAjH0g7KgEMYFwbGi_96rNke35u",2
"130",2017-07-07 14:19:51,"0","ABAjH0hzflbedw86WM_kuntQ9N1v",2
"131",2017-07-07 14:20:06,"0","ABAjH0iBpV5L0yeReWewNkv3qLtM",2
"132",2017-07-07 14:20:10,"0","ABAjH0jqokQ1sZTh7P8hjZhvqX_9",2
"133",2017-07-07 14:20:11,"0","ABAjH0g4na8eFXkTWPfq7R8yFvNc",2
"134",2017-07-07 14:20:24,"0","ABAjH0iMBwxA56yPk-RyoV0Liq43",2
"135",2017-07-07 14:20:56,"AMsySZZzFVhigrNGm-ocTKk28tQt","ABAjH0jsmdZQeANreL2eaOg29OdR",2
"136",2017-07-07 14:21:07,"0","ABAjH0h0Fa50D5EDHxM22GZ2en3d",2
"137",2017-07-07 14:21:15,"0","ABAjH0gV5mOYVYs4FbdCeixJIJJ8",2
"138",2017-07-07 14:21:25,"AMsySZa_L_4RUcQmf5HX9CjQXBp0","ABAjH0hVHsTmmZl3O82N9vbTNZJS",2
"139",2017-07-07 14:21:31,"AMsySZbBNh6DKtFsMpAwwXTtGKLo","ABAjH0h5vpc72-fvq0h3BYF4uz51",2
"140",2017-07-07 14:21:36,"0","ABAjH0j2WmImoI3kWo8yMYQ75BJi",2
"141",2017-07-07 14:21:40,"AMsySZZSvr25U-7IyRbwfz6hyHWd","ABAjH0jbLeJzmQsQNWtf1ZABTPuY",2
"142",2017-07-07 14:22:14,"AMsySZatIwo0FXCEgk74uRJ140m6","ABAjH0hl0iyE4_bw1gASfPukT2xc",2
"143",2017-07-07 14:22:14,"0","ABAjH0gKV3j7ic46CTvxijFHozpO",2
"144",2017-07-07 14:22:14,"AMsySZYsJ_dKVooopMMi617P7sDT","ABAjH0hD_uJs0ziwqOQzxnSkQZrk",2
"145",2017-07-07 14:22:15,"AMsySZbSmyAlrhuPLElzecfEwwsK","ABAjH0h5QDWGzBveQ2W-Co866J9b",2
"146",2017-07-07 14:22:49,"AMsySZZ4RQu190bDT6GDtankFBPI","ABAjH0gIgn6_ibIGjfj3OJUxflzl",2
"147",2017-07-07 14:23:03,"0","ABAjH0hON7cw91GVy6bp0O4ko04T",2
"148",2017-07-07 14:23:27,"0","ABAjH0hz2gTFv9roXE0dOi19c2X6",2
"149",2017-07-07 14:23:28,"AMsySZZdxHXexm4nBl-WGVPYiZR0","ABAjH0jW_J4MuiWAz_yPghDt-1Ft",2
"150",2017-07-07 14:23:37,"0","ABAjH0jAooCVDT21161nqTjWPugm",2
"151",2017-07-07 14:23:38,"AMsySZYxZU6nXLWjnZaMtellvvXO","ABAjH0hruT8FEzbJeHNJ068a8bp2",2
"152",2017-07-07 14:23:40,"0","ABAjH0hL2KDrXFrHCRcSrGIyC2_-",2
"153",2017-07-07 14:23:48,"AMsySZbQgotJj5mablixSk1_VxIO","ABAjH0hiUTuiLesRxdnEzDA6nbr5",2
"154",2017-07-07 14:23:58,"0","ABAjH0hYXLOEZY_8CRVTWr9Op87P",2
"155",2017-07-07 14:23:59,"AMsySZYpBDAX4RkRH2XKJqfwgJJu","ABAjH0g5hUP5Yy9yhBXJoTwHOl_H",2
"156",2017-07-07 14:24:07,"AMsySZbYSUe5Cx9ywFd9rXdsYaZ7","ABAjH0g4TBN4G9281HrFn-ykSPWr",2
"157",2017-07-07 14:24:07,"AMsySZa4w4julNA80IiqLKFDu5N8","ABAjH0jEPHsTNReSeNAGRIkYqUtA",2
"158",2017-07-07 14:24:07,"AMsySZay7UqY4PJiOc31SPXe4ira","ABAjH0inmwgN_W-PuQF-LV0-vs45",2
"159",2017-07-07 14:24:10,"AMsySZbwpoVK3QCurLjE9qy9wGux","ABAjH0j6IX8EYL3OahS6rj_jUt35",2
"160",2017-07-07 14:24:21,"0","ABAjH0jsd-6XFpY_s9aLR14IpcfS",2
"161",2017-07-07 14:25:06,"AMsySZY8tsNNAlEHcJ_hvF_GCjdp","ABAjH0i6C2FeL7rURKrwYAsxSUTM",2
"162",2017-07-07 14:25:08,"0","ABAjH0iouyoDgc-oSJkEm1nhmLTA",2
"163",2017-07-07 14:25:39,"AMsySZbxicaGRsfmxTmi0gyFalsX","ABAjH0gL9X0RafZMr8fjV7ZkfsI2",2
"164",2017-07-07 14:26:03,"0","ABAjH0g2LjEGmvEnOJYbSuFCGCYU",2
"165",2017-07-07 14:26:22,"0","ABAjH0gNX6U1ivOXv9bScf88KeU0",2
"166",2017-07-07 14:26:26,"0","ABAjH0jhJ72P5Hx0P-zQ6dXhgpot",2
"167",2017-07-07 14:26:43,"0","ABAjH0h4457Ce7829vS8_ROmrcPt",2
"168",2017-07-07 14:26:46,"AMsySZZ-bliY-n8ja1DgfccLTLXN","ABAjH0hr-dFe23ZHUvR9v48D8Tn1",2
"169",2017-07-07 14:26:47,"0","ABAjH0iZ1uUNqRoPwcR20GfLzg9a",2
"170",2017-07-07 14:26:50,"AMsySZbjo0LJC0fgLcutHwGXvnHY","ABAjH0iQR7PQkWK6aYIlyP7XOtIS",2
"171",2017-07-07 14:26:52,"AMsySZYn27uCHQlbNOreQNBBqcSk","ABAjH0hx6pceglv2Jre4IwmvvunC",2
"172",2017-07-07 14:26:53,"0","ABAjH0jJ626CqtHdYFq7v-za6eaa",2
"173",2017-07-07 14:27:02,"AMsySZYZ9K8oVSH9E4bLQdTNqp9r","ABAjH0joGv4h48RkRv2HA1Iifgia",2
"174",2017-07-07 14:27:05,"0","ABAjH0id3Bg9Xe8L-N8qvUHoPhbE",2
"175",2017-07-07 14:27:17,"0","ABAjH0g-3_khV75nROdemDBwuMRW",2
"176",2017-07-07 14:27:49,"0","ABAjH0iL-BlIJ7SYUA1SQBFwU_2V",2
"177",2017-07-07 14:27:51,"AMsySZa4Xrn_ieibDw4PIGEDmZSe","ABAjH0hQ6lhOcvmQiXDvINRQeLHV",2
"178",2017-07-07 14:27:54,"0","ABAjH0jxnxM2u918EojpXxTRfPb6",2
"179",2017-07-07 14:27:58,"0","ABAjH0h4_SsM_vYoJoOGtGOGIk_A",2
"180",2017-07-07 14:28:06,"0","ABAjH0hi7mJfLJZBJU92awKaXZ7u",2
"181",2017-07-07 14:28:06,"0","ABAjH0jKSWKSNq7CBBOr6Q7zeJ1m",2
"182",2017-07-07 14:28:10,"AMsySZYStd7HgxHrRdAHfYwskb5f","ABAjH0hMnj3VrdWnDjP1291yrJix",2
"183",2017-07-07 14:28:14,"0","ABAjH0gKxg-vdH9z_KQ9T2SDno1t",2
"184",2017-07-07 14:28:15,"0","ABAjH0gTAiHKjkIn_tsgm6R0fpoS",2
"185",2017-07-07 14:28:21,"0","ABAjH0iQDIZekoj2objnvU1CpKwL",2
"186",2017-07-07 14:28:33,"AMsySZavS00G2K1BIWgTi4l-kd2g","ABAjH0hWozYxqHoX3bNxt8lGukCt",2
"187",2017-07-07 14:28:33,"AMsySZaeTAGtHVlwnsRoOSY_O-uV","ABAjH0gJHjqURexg5CexEtcNIyBf",2
"188",2017-07-07 14:28:37,"AMsySZY0HvoWXtg132Ih5rXSi3Xc","ABAjH0hsYbbcv3otRUf9SPqpjCj-",2
"189",2017-07-07 14:28:50,"0","ABAjH0iAsAnzoXSeJupH5FA_93YZ",2
"190",2017-07-07 14:28:58,"AMsySZZm1_2zRqduDEmangoONs8f","ABAjH0jAiohxkRxn0FzlVPNZdzVr",2
"191",2017-07-07 14:29:17,"AMsySZZ-fw_JI28uuyixYJ5HJ-1A","ABAjH0izbLFr-KXqgVf15FKoef_Q",2
"192",2017-07-07 14:29:18,"0","ABAjH0iRn-ph-T72i-z62kXe_l3I",2
"193",2017-07-07 14:29:34,"AMsySZaTSCXrii8terpGSEvXmv-V","ABAjH0h6-2Iqhc6D0RT3RhbyJzy8",2
"194",2017-07-07 14:29:37,"0","ABAjH0hQNQzR_K34RxOP9igZA98q",2
"195",2017-07-07 14:29:42,"0","ABAjH0jRTW5Sh4M0tOE7lHy5RFFW",2
"196",2017-07-07 14:29:57,"0","ABAjH0jr7TdC6Q0-JhdJ6HUFD4tH",2
"197",2017-07-07 14:30:05,"AMsySZbfTICBgNCn46FDd3irHyV7","ABAjH0hkW7tevocQQItdzxVqJ76e",2
"198",2017-07-07 14:30:16,"0","ABAjH0ifFBHh4zaIT3Upg0gbhJcS",2
"199",2017-07-07 14:30:38,"AMsySZYAF3bYtZa_fwwbXdarWTJc","ABAjH0gxkou_yjEkvieyQWnbnRxw",2
"200",2017-07-07 14:30:44,"0","ABAjH0hkDbw3uHJLo1acFAumosEm",2
"201",2017-07-07 14:31:15,"0","ABAjH0hMp4Y59s9PCuz9bWl5gaeP",2
"202",2017-07-07 14:31:23,"0","ABAjH0hpJW0-CIwLRr-vIDY_YcZi",2
"203",2017-07-07 14:31:53,"AMsySZY3I5cp-lUMiaZmna5DVJD5","ABAjH0hzMwBwRkOpPA9o0qRf7uem",2
"204",2017-07-07 14:31:57,"AMsySZa1PpeaD3IUPYXrqp33Lt5Q","ABAjH0jg9N3TRWt1D9Y9L3VYPCk7",2
"205",2017-07-07 14:32:18,"0","ABAjH0jYaW0JayRjrLcoaxOp5pfv",2
"206",2017-07-07 14:32:43,"0","ABAjH0gyQIj8kf9XT-GIoJ2a1I1h",2
"207",2017-07-07 14:32:45,"0","ABAjH0jxeLdQBCWdrGSr-jIIG41Q",2
"208",2017-07-07 14:32:47,"AMsySZZOPUWy--YbW8k6OLCUw0sR","ABAjH0hfA1Rb1JxVXPkjx-U-YBLO",2
"209",2017-07-07 14:33:00,"AMsySZa2a8YzT-paHUKtfpqYcl3i","ABAjH0jHBok7h3g4Wu6sQGbXOo8v",2
"210",2017-07-07 14:33:23,"AMsySZbudctWst_JNh9GhiH_2mx6","ABAjH0jzPDD6dw2aterDR8sE_7Df",2
"211",2017-07-07 14:33:45,"0","ABAjH0jksCN7k1DkEkAaAoUdcNrB",2
"212",2017-07-07 14:34:07,"AMsySZbbMLYkQWre8M1YLFTlhXP5","ABAjH0goDU7VngOKaJnMzTyVqxS_",2
"213",2017-07-07 14:34:26,"AMsySZarEZGiHQmr85Khfixrnom9","ABAjH0iCX6cMmfH2kUk2uiVLrX7M",2
"214",2017-07-07 14:34:44,"0","ABAjH0jd5iNTnzUAv_Uz1e-KlJnB",2
"215",2017-07-07 14:35:03,"0","ABAjH0h1jy8PUIr6LLkKawjMyfg8",2
"216",2017-07-07 14:35:06,"0","ABAjH0ifu59C-lREtKLB_uZixNkj",2
"217",2017-07-07 14:35:19,"0","ABAjH0haBuA4XYKpwA0uQErmQrrO",2
"218",2017-07-07 14:35:29,"AMsySZYntK2OK8uUn7AoBMQo8H4R","ABAjH0h9Wl90pJwZ6GndPeTntooh",2
"219",2017-07-07 14:35:29,"AMsySZbNGX3rpZYMSiW37nke6uti","ABAjH0iNrT6BDTppTv-xRhI5txre",2
"220",2017-07-07 14:35:36,"0","ABAjH0iZLzSFHVPTpjaMTFasqZqy",2
"221",2017-07-07 14:35:52,"0","ABAjH0hKgOal8wKKBvVxsEN2SBnY",2
"222",2017-07-07 14:35:54,"0","ABAjH0iaKquFkkLrZmWAdCWyyztc",2
"223",2017-07-07 14:36:04,"AMsySZbeBVqy8EHSD_1B0rvcUaK0","ABAjH0gpp5fYG-0-wwijvbjnGT0v",2
"224",2017-07-07 14:36:11,"AMsySZa3yiP1yUP3aiIR_FW8N9CL","ABAjH0hOkp3Tw2c9O4JAvnvRcXIW",2
"225",2017-07-07 14:36:19,"0","ABAjH0jVmbqeoewFYRIH3L0C2egN",2
"226",2017-07-07 14:36:47,"AMsySZay0uTWvOeNonPOc5Mu2rGR","ABAjH0gkdTlHkeLg6oVCop61Oq7a",2
"227",2017-07-07 14:37:02,"AMsySZbicOub_dYf2bk-nfCo-a2k","ABAjH0hHA4NH2zax9wIRdrSdpyL2",2
"228",2017-07-07 14:37:04,"0","ABAjH0i8zOAkDqr0n2mj7h6Fjx7f",2
"229",2017-07-07 14:37:39,"0","ABAjH0hMGXuCWdcUdxDnROw3KszR",2
"230",2017-07-07 14:38:15,"0","ABAjH0gNYYLtVBpXosnImkM4w5Gs",2
"231",2017-07-07 14:38:58,"0","ABAjH0gOJUSQX6sFPRZ5qu9S13RQ",2
"232",2017-07-07 14:41:59,"0","ABAjH0jIZnqMuzk2ba06-LnUcldW",2
"233",2017-07-07 14:45:16,"AMsySZb7lKi7yv3-QycjrR2_KcNp","ABAjH0j3zvYtNY-daWC21Tj4DLdK",2
"234",2017-07-07 14:45:17,"0","ABAjH0iKAEOkfKE0vi6kskJDCVOH",2
"235",2017-07-07 14:46:36,"AMsySZZjzC7ayC-Pj1GSze9sCRip","ABAjH0gpVzRfUhqf2NmIRNvVEvg3",2
"236",2017-07-07 14:49:35,"0","ABAjH0jsyh27V-sVOmCmEEIw7lXi",2
"237",2017-07-07 14:49:40,"0","ABAjH0iC4Z7ney56rWZyvz_syL9i",2
"238",2017-07-07 14:50:02,"AMsySZbvRDI4vjk6-fRrwcpAR81s","ABAjH0jNZXWF9MiS4bZa-nXMdEPL",2
"239",2017-07-07 14:50:11,"AMsySZZxeNTczGWDMmNih9AQTAtX","ABAjH0hYp7PpDVtVF4xl9Ezokab0",2
"240",2017-07-07 14:51:01,"AMsySZaee-2Kj--Ys1qw6Eww2rzZ","ABAjH0jcYKvNRBCOI-bd0t6nkcJx",2
"241",2017-07-07 14:52:37,"AMsySZZW6OaC-Mv_xdfK0PqppbnW","ABAjH0h30nDml-lbm6DIgYvAOALA",2
"242",2017-07-07 14:52:47,"0","ABAjH0hvi-74ThFCDkRsxjNAzOfh",2
"243",2017-07-07 14:52:48,"0","ABAjH0gmxXmG5yGAXe47BFR4U5-3",2
"244",2017-07-07 14:52:59,"0","ABAjH0jcnb7XdJH4U_24MX79xR2F",2
"245",2017-07-07 14:55:41,"0","ABAjH0j_ksiUtZ1W2xLhBN0RmeDQ",2
"246",2017-07-07 14:55:50,"0","ABAjH0hCVBgkaNLWD-tTbVo_Pznk",2
"247",2017-07-07 14:55:59,"0","ABAjH0jeRsSzUa8oqlQnFKHG-ql4",2
"248",2017-07-07 14:55:59,"0","ABAjH0hjRjPt_ckt0Yd7KtWiBDzx",2
"249",2017-07-07 14:57:07,"AMsySZZPsEorKtV3IC5T6rCPh043","ABAjH0gcBqaIcMZXyrJItv-VCIVe",2
"250",2017-07-07 14:57:11,"0","ABAjH0hyE3gyBAppOwUq2J6VwM8K",2
"251",2017-07-07 14:57:51,"0","ABAjH0hf6gCYLhYftz-5EcLbwq8G",2
"252",2017-07-07 14:57:58,"0","ABAjH0h6KmRk-Zifhao18N5Xt8BL",2
"253",2017-07-07 14:58:10,"0","ABAjH0g-GRt-w6hbD_MRIQcr58gA",2
"254",2017-07-07 14:58:13,"0","ABAjH0iUAzfx9YEVoxZf8MzmJRGM",2
"255",2017-07-07 14:58:19,"AMsySZYk-OzMadn80R28Kwt0X05d","ABAjH0hU0KqtarMTTDW8lZL-2t1T",2
"256",2017-07-07 14:58:20,"AMsySZYXc8DrO-YkG9XDcRaELVFd","ABAjH0g5_fubAYwt13Nf4NatOJoW",2
"257",2017-07-07 14:58:27,"AMsySZaAjgrNHtHSAt4V9m-JUqIi","ABAjH0iByJKgBK88mkeP4im4KNV6",2
"258",2017-07-07 14:58:57,"0","ABAjH0g1yZKL9pqzcedn-pfrPR8I",2
"259",2017-07-07 14:59:06,"AMsySZYNNpZV-lJ8WURmoMGW3Vn9","ABAjH0gXmVV-42s9OFtCv3lrHqKY",2
"260",2017-07-07 14:59:51,"AMsySZZfWoGs_F8Q79hO-PjDfZs1","ABAjH0gOdl0wmKWfsqZctEkGJYyL",2
"261",2017-07-07 15:00:49,"AMsySZYY0_hEHpcyQrCsaWz8y9bk","ABAjH0ho0cR8zGZI15acK-GK-aB1",2
"262",2017-07-07 15:03:11,"0","ABAjH0j1u4348s6Jgs_GTsYklvuE",2
"263",2017-07-07 15:05:12,"0","ABAjH0j4kHubTXJR4kk8Z6ImziPD",2
"264",2017-07-07 15:07:36,"0","ABAjH0i8JZr1uazzgShyOPlwAuIf",2
"265",2017-07-07 15:07:47,"AMsySZYAHbo7EGQZX5Y1wJkVtQzE","ABAjH0hVbCpWPKZldPEftIkHNwQk",2
"266",2017-07-07 15:14:19,"0","ABAjH0h89r16s06MsoU1-aPFc_hm",2
"267",2017-07-07 15:15:13,"0","ABAjH0j6doFPhZ3FJ5B-yhgjEvDD",2
"268",2017-07-07 15:19:13,"0","ABAjH0iEYfn-K16EMjWxG0cGtDGc",2
"269",2017-07-07 16:06:06,"0","ABAjH0i5lpPHJIX5Ik1Um1k9FgNZ",2
"270",2017-07-07 16:06:11,"AMsySZZbPeUXbz5B0lnadCu8vp9g","ABAjH0hIEoFMiRp7WqVD_hITJuPO",2
"271",2017-07-07 16:06:20,"0","ABAjH0hrDPPzowrskh6Ck9UKqBfX",2
"272",2017-07-07 16:06:54,"0","ABAjH0j54gWHitj3FGvJjDldBqL7",2
"273",2017-07-07 16:07:00,"AMsySZa3uWmQTYDg2NdpzU9BHNpJ","ABAjH0gNGfKSAM68OHZxntiHw_zy",2
"274",2017-07-07 16:07:11,"0","ABAjH0jskYkQ4i-EUeb9tZKGyR-R",2
"275",2017-07-07 16:07:14,"AMsySZZkTFFK9uQ5-GAEaqghjdmP","ABAjH0i95pbw_Sm09pa0yqn2xVvh",2
"276",2017-07-07 16:07:30,"0","ABAjH0j1GWoY0M2lUOJdTwwOHU_v",2
"277",2017-07-07 16:07:30,"0","ABAjH0iS8ZgYiD7JXAdoR3WYP-iH",2
"278",2017-07-07 16:07:44,"0","ABAjH0gTCpZFt_reeFsBCiBp8NzT",2
"279",2017-07-07 16:07:46,"AMsySZaHCgXH50Vls17EZHhWliZp","ABAjH0jgCq35ir173X5zrke75jmW",2
"280",2017-07-07 16:07:51,"0","ABAjH0inMWydJVEv9vIXF63QvnG7",2
"281",2017-07-07 16:08:29,"0","ABAjH0igYJn11hXILFWfghElg8mO",2
"282",2017-07-07 16:08:46,"0","ABAjH0g7S8m_MRQcKACnweoRXsU8",2
"283",2017-07-07 16:08:50,"0","ABAjH0iWjrEFpY8nlrZnG_cTQ5Vo",2
"284",2017-07-07 16:08:52,"0","ABAjH0jJUt4ehTBxJgz87wjg8Z0k",2
"285",2017-07-07 16:08:56,"AMsySZZfRUZs96hkywM3XsBiAWPJ","ABAjH0jUgmtJOzKSxPZIEePS71ht",2
"286",2017-07-07 16:09:18,"AMsySZZGBO0bx7KtaMFOSOYOHvto","ABAjH0hMg7EtO3ZPFVduvgAm7OYZ",2
"287",2017-07-07 16:09:22,"0","ABAjH0gtzYGerwosmmy-3edrhfFt",2
"288",2017-07-07 16:09:55,"0","ABAjH0j8-M8EtCLdW2Yjc55Eds5d",2
"289",2017-07-07 16:10:04,"0","ABAjH0jIQVzOJlRQo6kWbtyZoeX7",2
"290",2017-07-07 16:10:09,"0","ABAjH0jd6rSPi8rGaVQirwMrXiLB",2
"291",2017-07-07 16:10:11,"AMsySZZZfrPSosES4yjzWQ8PbdzZ","ABAjH0hkZmlyfE__byRi9QwQBwJ0",2
"292",2017-07-07 16:10:52,"0","ABAjH0gFIV6OxE8yf_j0ZE5Mp8iS",2
"293",2017-07-07 16:10:55,"0","ABAjH0iljirr_qxalBKpq1DTjv6o",2
"294",2017-07-07 16:11:06,"0","ABAjH0izn_tzyzP-VNdMc-9EdFnw",2
"295",2017-07-07 16:11:21,"0","ABAjH0gVxHGgHoqbhe7KEeJn5qOX",2
"296",2017-07-07 16:11:33,"0","ABAjH0g_joOIsUBsCJrKsNYDco8c",2
"297",2017-07-07 16:11:42,"0","ABAjH0gmaWhCQI4Xf6ZykbkooQj8",2
"298",2017-07-07 16:11:49,"0","ABAjH0hXqmLcgetraZQOHx18A3mM",2
"299",2017-07-07 16:12:00,"0","ABAjH0g863aPHfVJ91ZdQXMQCir9",2
"300",2017-07-07 16:12:03,"AMsySZayeSvua4-I-BsPtpLJjgBD","ABAjH0hPwrhJEovo5uhLm00N2OZz",2
"301",2017-07-07 16:12:17,"0","ABAjH0grRl8F3_eWn20Kvzz_a12I",2
"302",2017-07-07 16:12:19,"0","ABAjH0ix4WKszLBe81CBfkTjbZNJ",2
"303",2017-07-07 16:12:24,"0","ABAjH0iJl3zEQOuMCzJq1JVHXpsD",2
"304",2017-07-07 16:12:38,"0","ABAjH0iPxtoPcY0QDM4wdqNgS920",2
"305",2017-07-07 16:12:47,"0","ABAjH0hGJjKtWpUuZxBlFN1thXNo",2
"306",2017-07-07 16:13:05,"AMsySZZAwEbL4vO5M4D16qdSWjN3","ABAjH0i0oa1y2F21b6sZz6OdVjvp",2
"307",2017-07-07 16:13:05,"0","ABAjH0gMTjZ9gfRDjB9SGX0uO_FB",2
"308",2017-07-07 16:13:06,"AMsySZa53oxAbXAg3a3gyQEPjPe3","ABAjH0jUz9f3GsHMY4k8D68_40na",2
"309",2017-07-07 16:13:11,"AMsySZZ_v2bGZsgge7mpv0EQ26zj","ABAjH0hV74X6-rhqay0WgQjzrd1t",2
"310",2017-07-07 16:13:23,"0","ABAjH0ihL_WOTYHOW4LTg0mH0vJR",2
"311",2017-07-07 16:13:30,"0","ABAjH0jiZUG3UxUodvndnUApX_JN",2
"312",2017-07-07 16:13:31,"0","ABAjH0jLNpMq0rVd-9fJ6rCQSIsG",2
"313",2017-07-07 16:13:34,"AMsySZY9SWP80Fd_fs622ffKQzzT","ABAjH0gdyRo8ZmSQH-LEVaSn25Pi",2
"314",2017-07-07 16:13:34,"AMsySZa-V5Dolvna9XX2-LWU6RmL","ABAjH0jrXyMthHzo8B24VTrv3-0U",2
"315",2017-07-07 16:13:40,"0","ABAjH0gNNPYVgJeF76WCcwG5rRXJ",2
"316",2017-07-07 16:13:46,"AMsySZYSAYQdbqO3xediLX1LqJ05","ABAjH0gD968maJm-sBdTb55FIM0T",2
"317",2017-07-07 16:13:47,"0","ABAjH0iXioUiX_wZiz1e-CPXPvAP",2
"318",2017-07-07 16:13:50,"AMsySZYwWQPgDlzknmnh_x5S2FgU","ABAjH0gfyAQ5_3eOAVyrYha0x-Bw",2
"319",2017-07-07 16:13:58,"0","ABAjH0hETS1i3cibIrZ9-XGAhFnA",2
"320",2017-07-07 16:14:04,"AMsySZbbCKRJ3Purtsqhkyk9WAL-","ABAjH0hiAJ7CahAUmXjiCsVZCxIL",2
"321",2017-07-07 16:14:12,"0","ABAjH0jxC9faVRJNGULM6gqlGIvR",2
"322",2017-07-07 16:14:18,"0","ABAjH0hEyeWRpI0Z8MKHnVn6iy9x",2
"323",2017-07-07 16:14:22,"0","ABAjH0jENUtqvdl5ipgD0aNRZK6Z",2
"324",2017-07-07 16:14:35,"AMsySZas5Y-MdEYwZvS2jJOaFeyR","ABAjH0hWvL2lpiYea7vUWTZW3Uq-",2
"325",2017-07-07 16:14:37,"0","ABAjH0hnLNqH7h3BnqZ5o_RwpgQb",2
"326",2017-07-07 16:14:48,"0","ABAjH0jrdb1YrKepzt0QhkeXAsj4",2
"327",2017-07-07 16:14:57,"AMsySZZ7kwAuqgJAaDhniXWuXGt3","ABAjH0jyGpRLKxlYIFcD1ky7n3j6",2
"328",2017-07-07 16:14:57,"AMsySZb_zgBNMby4PyhA3fNPD0zQ","ABAjH0hNaMlyR8-Jc6bmh_YyWcuF",2
"329",2017-07-07 16:14:58,"0","ABAjH0galrHxu0w1FCWPrPPJVpY9",2
"330",2017-07-07 16:14:58,"0","ABAjH0jn-YzCXTzgKWdLpXyMLjcZ",2
"331",2017-07-07 16:15:09,"0","ABAjH0h12AaAyII4v_j6ZrFVyT8x",2
"332",2017-07-07 16:15:11,"0","ABAjH0jWR47Ut6VCUtUZuR7Jo9FI",2
"333",2017-07-07 16:15:15,"AMsySZZXtFaYoHuumsJ_c2h49qJz","ABAjH0h31yw5F8FwxzX9mhQwU4Zc",2
"334",2017-07-07 16:15:17,"AMsySZYl71ix9YSsaULeiNdPE-Oi","ABAjH0gdS82-t4mWJn86ZtjJn-ZD",2
"335",2017-07-07 16:15:23,"0","ABAjH0jFdT_qFjTthCvu0GQH00Jl",2
"336",2017-07-07 16:15:26,"AMsySZZmwx9pIQA86_AT5hATsXrV","ABAjH0iZw0rUpWkUUsEQhWTA12aW",2
"337",2017-07-07 16:15:30,"0","ABAjH0ghM9Hqo2Jqa3gfF-8o3DM-",2
"338",2017-07-07 16:15:30,"0","ABAjH0jQ-oO8-kbCK62PD1GDhXyB",2
"339",2017-07-07 16:15:34,"0","ABAjH0hnF01TSWNM7B6KDLHRGl27",2
"340",2017-07-07 16:15:40,"AMsySZYoHalwIdS_83J6U_FdheK7","ABAjH0glZBshm89e5bHjxvgObteY",2
"341",2017-07-07 16:15:40,"0","ABAjH0jWJNbPv-uNZ-yWm5EnTRgb",2
"342",2017-07-07 16:15:41,"0","ABAjH0hd1FQJXu46JAcKfdFEF0fO",2
"343",2017-07-07 00:53:15,"AMsySZYRPpjvaCgCfoPFS1qjy3lk","ABAjH0iNfk3LWE_PYRLNBpoVdD6D",2
"344",2017-07-07 01:10:30,"0","ABAjH0gEYUlWr6YUVjh1LM4aJwhc",2
"345",2017-07-07 01:15:26,"AMsySZYNxnDGRpPcBgZo6lTwSSPu","ABAjH0ifuSt8QCQ0iBsRRAPMkg4x",2
"346",2017-07-07 01:18:30,"AMsySZbG1B3mBMmpcnPB-cL89mbD","ABAjH0ie3JGrXGrJ7BCGxcNxTW7a",2
"347",2017-07-07 01:22:02,"AMsySZYd6M5EKM_agldwNJF05IPM","ABAjH0jjPLuXGImRNtBMl8OnbPI3",2
"348",2017-07-07 01:22:58,"0","ABAjH0g6bb8-25AxwrUS1bWwGO3b",2
"349",2017-07-07 01:24:37,"AMsySZYcqj7Rz7z0sFzNVjOvXNSJ","ABAjH0jhFcnb5c_Gd3a87cUBCoWJ",2
"350",2017-07-07 01:32:40,"0","ABAjH0im3Zp0s0Nu-vJz3FmxNYa4",2
"351",2017-07-07 01:45:44,"0","ABAjH0gUu0_Xtk3m796inLHxmzgt",2
"352",2017-07-07 01:46:52,"0","ABAjH0gw-EcVtmlyAuWWtxroCn7n",2
"353",2017-07-07 01:49:30,"0","ABAjH0jNn4WbSAsv71HvXad6sAYD",2
"354",2017-07-07 01:52:47,"AMsySZZUcgSrUpuWxrELWaEuPAAF","ABAjH0jgPCxzHKBnp_oOlCDl1GoC",2
"355",2017-07-07 01:53:59,"0","ABAjH0hVQ9-Qu7-LSjM3xp7tLuQZ",2
"356",2017-07-07 01:56:37,"AMsySZab3yI-265v4k6u7adecgpu","ABAjH0h9X7IS2_bPkn1wY2Y27kIj",2
"357",2017-07-07 05:21:11,"AMsySZaWKIeyjTZ_y_Kf0EdWkOx3","ABAjH0ih3jilOEPSoIQ3kRuuU5cr",2
"358",2017-07-07 05:29:29,"AMsySZYBGJTCsmmcWr0lQ_QF-rIr","ABAjH0jR6EgDYj3gz9V29ZcebhdW",2
"359",2017-07-07 05:31:17,"0","ABAjH0hfmJr-X9tHDNRZ2z4QtgCC",2
"360",2017-07-07 06:49:38,"AMsySZbyP0diLECf3B6EiI2Uy9Vp","ABAjH0jrFoIHmSNbIJBmaXDaiUox",2
"361",2017-07-07 06:53:41,"0","ABAjH0g8FQw4mQWGmZUTZa71u8HS",2
"362",2017-07-07 06:53:50,"AMsySZbegNjQJN8jMpBHIEZJZY-Z","ABAjH0hvYIPd8WGAItuK58PbC6Z5",2
"363",2017-07-07 06:53:55,"0","ABAjH0gOkDfF7FxOabKLvN1VH_ea",2
"364",2017-07-07 06:54:51,"0","ABAjH0jpDj6UW_QHbcEekKjTMsTF",2
"365",2017-07-07 06:54:59,"0","ABAjH0gfCBv8BMPBvxcteVocMKgN",2
"366",2017-07-07 06:55:18,"0","ABAjH0hqOKLW1UzMuZ-gu0yVVUvW",2
"367",2017-07-07 06:56:45,"0","ABAjH0iQJXM8QNWtIPuxhk4G6mcz",2
"368",2017-07-07 06:56:49,"0","ABAjH0gRv53tcma3gFuLQBw5YZOT",2
"369",2017-07-07 06:59:16,"0","ABAjH0iOvN2b2UBjc3u1Z5HkjLWD",2
"370",2017-07-07 07:01:16,"AMsySZbRtHT81MdeiPg-TvYYJKwk","ABAjH0gwus8EpKRMn3LQuc_3ckPJ",2
"371",2017-07-07 07:03:47,"AMsySZbV83P6IT18B-fitmDPeafP","ABAjH0h6TEarzTzWJLbD7G31GGYG",2
"372",2017-07-07 07:19:28,"AMsySZY_20LOTbKRsNG11T4vUEvt","ABAjH0hAAdvMdE7YSs0q2vJKdeFb",2
"373",2017-07-07 07:28:02,"0","ABAjH0jgSFG_xmBkGPwjd3mVXS6M",2
"374",2017-07-07 07:35:48,"0","ABAjH0hv3ukOQvQdcdWS_9rqH_CF",2
"375",2017-07-07 07:49:18,"0","ABAjH0hNormathbfr6W0k5X52quT",2
"376",2017-07-07 08:49:58,"AMsySZYdraOWBb_fnEgXDDN9GfpJ","ABAjH0iHFcytVljz7nyO3FH6Xt-A",2
"377",2017-07-07 08:51:33,"AMsySZbznTid-l7gC6K-xeBOxcuw","ABAjH0j4mZAIKh6Bx-egmPxDjH-O",2
"378",2017-07-07 09:14:49,"0","ABAjH0jn0cnQrlpho2MS32_l44uT",2
"379",2017-07-07 09:16:33,"0","ABAjH0gRvYHqM4E_Ucc1uRaEBYvh",2
"380",2017-07-07 09:25:17,"0","ABAjH0gUP48P1wVlj2upik-1UW7L",2
"381",2017-07-07 10:13:18,"0","ABAjH0iVba-f01rYh12M4hPRsIXd",2
"382",2017-07-07 10:23:02,"0","ABAjH0j5HgZTbk9eVfPWV_0LOnRZ",2
"383",2017-07-07 10:23:05,"0","ABAjH0h1SEfxyKtoHyXUrikf1F1k",2
"384",2017-07-07 10:23:25,"0","ABAjH0jWNERCj-P94VK-sXzDnEpF",2
"385",2017-07-07 10:24:56,"0","ABAjH0iGHrU9VvJKFXpL7-fwrAhH",2
"386",2017-07-07 10:33:37,"0","ABAjH0huVzwP5TpfhjeOhvqBDJiZ",2
"387",2017-07-07 10:35:13,"AMsySZZg2UUvQIK7qxt0dq1M35aB","ABAjH0i230_5GSvC7uSh0Yw0jx_k",2
"388",2017-07-07 10:35:23,"AMsySZZWlFPWehC1YIbDFzvxGzE7","ABAjH0hHhobdSDQ0wqK6UgcM5zfH",2
"389",2017-07-07 10:41:00,"0","ABAjH0hzhrbaSXej1W9vMmbCsXr6",2
"390",2017-07-07 10:43:47,"0","ABAjH0hAIWpzFk0u0gHoFDJJiR68",2
"391",2017-07-07 10:47:31,"AMsySZYBbQDDnrQQc50LnwodoPww","ABAjH0iw8hl9SJe2cVefS6fWbm4v",2
"392",2017-07-07 10:47:57,"0","ABAjH0jIBd6S7-FHZYX-QrxWcYxA",2
"393",2017-07-07 10:49:00,"0","ABAjH0gL7SSJTtjbG_P5sCAWji1J",2
"394",2017-07-07 10:51:06,"0","ABAjH0iLp-_xPRibtF_xnWSZbmDg",2
"395",2017-07-07 10:53:45,"0","ABAjH0g70TC5Yilcm6ynxUj2kBXd",2
"396",2017-07-07 10:54:49,"AMsySZYBd29rUGFO3tnr6W7Ok-5T","ABAjH0i1olG8WdmaLSIdUkLmZtQH",2
"397",2017-07-07 10:59:15,"0","ABAjH0jnxoHmKDSShfcFqXwHsZia",2
"398",2017-07-07 11:00:58,"AMsySZYD0UQD1cOzFhuL1DilddmE","ABAjH0h0TO4F_FHWTIUxzJ0DTyxa",2
"399",2017-07-07 11:01:15,"AMsySZasc6J_IHZdHqJwaA04hAwV","ABAjH0jVYZP2JVJXF2PZnN4eBo_U",2
"400",2017-07-07 11:04:20,"0","ABAjH0hGBj0sI8lnmgM1kFTOcmC9",2
"401",2017-07-07 11:13:21,"AMsySZZ-_SaImF6s-TsNcZZ2VKs1","ABAjH0im3gDKrivNX3Xq5j7njC6q",2
"402",2017-07-07 11:14:17,"0","ABAjH0iFAAUlofCTArnZ-6I5f-uf",2
"403",2017-07-07 11:14:42,"0","ABAjH0gMUHrWSKr67YGBKaDyjDLd",2
"404",2017-07-07 11:14:53,"AMsySZaT6TUyV6Cs23YhBTWxl7H5","ABAjH0g8BUrw01vHjppscAAf4cwd",2
"405",2017-07-07 11:15:02,"AMsySZb4DAqw4nPJF5dah_A_d9uD","ABAjH0hQXk44u63EGiXgmUmyCsMS",2
"406",2017-07-07 11:15:54,"0","ABAjH0ix2DhuxEMM7gn1Os34Rg9w",2
"407",2017-07-07 11:15:58,"0","ABAjH0iIU4z9nQfSt7cwGFgQBBqb",2
"408",2017-07-07 11:16:46,"0","ABAjH0jFAZuxs6vAPt4Eysn2qB-7",2
"409",2017-07-07 11:25:41,"0","ABAjH0jsVAJUXdinB-EzDKiyL6lO",2
"410",2017-07-07 12:13:42,"AMsySZaftzdievS4KEplsWSTAtHv","ABAjH0iz0GE3mbwz8QrepjbppYpe",2
"411",2017-07-07 12:19:27,"0","ABAjH0hn-sA5IZ2N89pUqDukcyq_",2
"412",2017-07-07 12:20:26,"0","ABAjH0iaf7eaLByW9PInrA-q-8GS",2
"413",2017-07-07 12:21:40,"0","ABAjH0iHwbfZqgx-3ASXjk1Bw8sM",2
"414",2017-07-07 12:22:23,"0","ABAjH0ixu039KfL9wT9DV84G-REy",2
"415",2017-07-07 12:23:25,"0","ABAjH0hj1yQ8NHqtD5BqnaYJEoFb",2
"416",2017-07-07 12:23:34,"0","ABAjH0had6c8-1aeaDCacIE8OmiW",2
"417",2017-07-07 12:24:44,"0","ABAjH0h3eHtZNnh2NDOgsjpFtyTj",2
"418",2017-07-07 12:30:19,"0","ABAjH0glxGU-9owBSlKHV4fCkYKa",2
"419",2017-07-07 12:30:42,"0","ABAjH0jj96I9c-9zRQb6wUq17bk0",2
"420",2017-07-07 12:30:44,"AMsySZasviFBNt4s8bBWs0EYa-v2","ABAjH0jzJjvk8PtazV2iIrhHCfGk",2
"421",2017-07-07 12:33:20,"0","ABAjH0gHUKznVh6tIle3QVu9k0Pf",2
"422",2017-07-07 12:36:02,"0","ABAjH0jmXW7LXYbY8L7DLLbJZiIC",2
"423",2017-07-07 12:36:11,"0","ABAjH0gO7AUMN8UNJnYRAE7oX8SI",2
"424",2017-07-07 12:36:24,"AMsySZbRoQS7VsyRgrtkXBwqeZeG","ABAjH0jmTWnfzsanML22jwSG7vMx",2
"425",2017-07-07 12:38:10,"0","ABAjH0iqpZcQSRv-qWf0tha80wxS",2
"426",2017-07-07 12:38:32,"0","ABAjH0j5o_pOzSnwCmp8kjBbv4fJ",2
"427",2017-07-07 12:38:57,"AMsySZY3G-pjlG-2UWsiw8rA5rZy","ABAjH0irpHGcbZitSf5jTA2Vi5ZP",2
"428",2017-07-07 12:39:29,"0","ABAjH0gCJahsOokT34Ilniw-sUyF",2
"429",2017-07-07 12:39:31,"0","ABAjH0gdGbBi5fMkrfaPmoVzq37n",2
"430",2017-07-07 12:40:01,"AMsySZYj1Lw9KWo5NyxGiSPHbOqU","ABAjH0iTPjOdB2kTB85J7UfuEWQa",2
"431",2017-07-07 12:40:33,"0","ABAjH0iXv5yo8kcikE6UFeF4gmPO",2
"432",2017-07-07 12:40:42,"0","ABAjH0ganOiY-aaYHsCKU2czhx7q",2
"433",2017-07-07 12:41:14,"0","ABAjH0gwPDsM7Q6AU9abWO4FiZq7",2
"434",2017-07-07 12:41:25,"0","ABAjH0hGR1Wj1o82DTfibWJfvSqv",2
"435",2017-07-07 12:41:34,"0","ABAjH0gohQtmh4y0NAJwHY8TeqEk",2
"436",2017-07-07 12:41:47,"0","ABAjH0iVlhXhZ9q9l-lXMg3MrxsC",2
"437",2017-07-07 12:42:15,"0","ABAjH0gnmKMs6liIrVteshUPGrC_",2
"438",2017-07-07 12:42:30,"AMsySZaeKukPWE9HHcwqfajyOPjD","ABAjH0ge--TP3gISmg-sp9BYFRES",2
"439",2017-07-07 12:43:45,"AMsySZamzVHqpv4Lk6MDjjL48vA7","ABAjH0gxPr7Mnq7Gx5r3qogYS-ja",2
"440",2017-07-07 12:45:33,"0","ABAjH0imQCTutt4KFKp10mwo-A8W",2
"441",2017-07-07 12:45:39,"AMsySZYKwP23xPUxtUMlPcPQfxHu","ABAjH0i_TB75JzA_pk06ZSyIy7g1",2
"442",2017-07-07 12:47:26,"0","ABAjH0hSL7PpyXsPTv-vel8gMLgH",2
"443",2017-07-07 12:50:37,"AMsySZYP0w2lb4gPJNjQ3VD0F1lo","ABAjH0g3WfSZO_DqKDt1lc9JF03F",2
"444",2017-07-07 12:51:31,"0","ABAjH0js_j3wedrVp8evv-LB48Xb",2
"445",2017-07-07 13:05:43,"0","ABAjH0j_sPV4pMsnVF819acCjcdl",2
"446",2017-07-07 13:06:21,"0","ABAjH0gj_oO1CpglstV6jgWLmAgs",2
"447",2017-07-07 13:08:53,"AMsySZb8SfbYUay88NnNm5RiIlNQ","ABAjH0gMtcf9JRaaaSmqUPYQWY8-",2
"448",2017-07-07 13:10:06,"0","ABAjH0iRL2VKoAAs0b4jzcv0mpnP",2
"449",2017-07-07 13:10:33,"0","ABAjH0is5Sw2waVLNy1lai3rixl1",2
"450",2017-07-07 13:15:10,"0","ABAjH0icQV43xKApdVXP3XEcDUdS",2
"451",2017-07-07 13:15:38,"0","ABAjH0hk-bIWEnTkzAfLSpzXp8el",2
"452",2017-07-07 13:16:10,"0","ABAjH0gYPsxIYXEsKCMrT_XQDSUp",2
"453",2017-07-07 13:19:19,"0","ABAjH0hNjkOTr5j99OhbiE5wE_aN",2
"454",2017-07-07 13:19:30,"0","ABAjH0iLtNcuKhniKiQs1Zcz2YSQ",2
"455",2017-07-07 13:21:51,"0","ABAjH0gwz_dYLhE8VwJerhRLlYGt",2
"456",2017-07-07 13:22:01,"0","ABAjH0jy64J_2I5B2EeuYSpW7Zzi",2
"457",2017-07-07 13:22:05,"0","ABAjH0jxmMaEj6bTa8N9bof4g_Zx",2
"458",2017-07-07 13:24:33,"0","ABAjH0gbeAM-m8SzIMDgBz-3VXm7",2
"459",2017-07-07 16:15:43,"AMsySZZms4uF6CtRrBuP4BRt-z09","ABAjH0igpPQSvmd1Hu38aMkLagF5",2
"460",2017-07-07 16:16:01,"0","ABAjH0i7tUM4LmOeoME3KDqHQ_uA",2
"461",2017-07-07 16:16:01,"AMsySZZ6DYv-UVN1o6N6tbuksT4A","ABAjH0iKJjBfHNT86U_kMN6r7ULL",2
"462",2017-07-07 16:16:07,"0","ABAjH0hBptLJjLs8_Bl6_lzd0JQr",2
"463",2017-07-07 16:16:16,"0","ABAjH0hGnMD0VNLorUdjHHj8yjHF",2
"464",2017-07-07 16:16:20,"0","ABAjH0gbPBS4tqOY981a03wJvTwN",2
"465",2017-07-07 16:16:22,"0","ABAjH0jp6xewldYFya7y5izuS9Im",2
"466",2017-07-07 16:16:24,"0","ABAjH0jDmUPKYoyrHfTrh0vSzD2p",2
"467",2017-07-07 16:16:27,"AMsySZZYDI0QBQvgvTDyL9mtdHUd","ABAjH0j8B_s4qHOCWatf1yTF20FK",2
"468",2017-07-07 16:16:31,"0","ABAjH0ikd7ALBx51FryIL7mYyssN",2
"469",2017-07-07 16:16:36,"AMsySZZUqQnJKWRNOJkaBgsGJChi","ABAjH0hUNeraZzJsoCUACqJezbcy",2
"470",2017-07-07 16:16:36,"0","ABAjH0hQMBmZybOLU8ELdcSpin0w",2
"471",2017-07-07 16:16:42,"AMsySZbL6TpJOFKLNj8qveWKj2mN","ABAjH0hns0N2rZJWw3efNmJ4yP51",2
"472",2017-07-07 16:16:43,"0","ABAjH0jTlSA6C8oxJwHjXUBb8gnx",2
"473",2017-07-07 16:16:44,"0","ABAjH0jRe8w3MZdu8Lk4YQxX2PzX",2
"474",2017-07-07 16:16:44,"0","ABAjH0jowxs1HJ3DtN8N6slTFbPe",2
"475",2017-07-07 16:16:46,"0","ABAjH0i29aW7anXpTD-TB4qiWKaw",2
"476",2017-07-07 16:16:48,"0","ABAjH0iao6IP53hCskw6DBJAQEZe",2
"477",2017-07-07 16:16:49,"0","ABAjH0jWpxfHsmwvJ3ih7G1p-HUo",2
"478",2017-07-07 16:16:54,"AMsySZZtVkJLAWa4OiP_KEf4Dvlm","ABAjH0iLJjyofCFa7UMu9XCcDOWV",2
"479",2017-07-07 16:16:54,"AMsySZaESklhM7d4Wl4RLZ5RgukR","ABAjH0g7kO9PYzP8Vzk1Z3YFSmiR",2
"480",2017-07-07 16:16:56,"AMsySZbEv5DF4-zQmOLltIrerJfx","ABAjH0j0UfmZo_COWvzJC-XBO2fM",2
"481",2017-07-07 16:17:10,"AMsySZbkEc-I7_T1IHyr-jpNvF0-","ABAjH0j0BwMzI5T1284VVh0EAljS",2
"482",2017-07-07 16:17:15,"0","ABAjH0jXzVpRrUQVhLNDb53jXEWr",2
"483",2017-07-07 16:17:16,"AMsySZa7CkdS3525Zu_v8Bzp8BOk","ABAjH0ij_U_hVkotYMcotggTjt-E",2
"484",2017-07-07 16:17:16,"AMsySZadKq2XhOC78uVVW2J7Mdms","ABAjH0gmWjwalWuhazbofXlV_ky7",2
"485",2017-07-07 16:17:17,"0","ABAjH0ipGmL0zdRx47BGaMZjdTWL",2
"486",2017-07-07 16:17:17,"0","ABAjH0jtuNhtTJDGg5e77VjjUruQ",2
"487",2017-07-07 16:17:18,"0","ABAjH0hcB0VMxWZthCLVkJeKnF3F",2
"488",2017-07-07 16:17:21,"AMsySZbv8Pn-eXjmO87lyQpWpGBh","ABAjH0g7B6dvDqNjNeLmznOAdLm1",2
"489",2017-07-07 16:17:22,"0","ABAjH0jMSS6aQP7F_wa1Lrtq2dH5",2
"490",2017-07-07 16:17:26,"0","ABAjH0itQ80KE1eUdQJvltcpH3qu",2
"491",2017-07-07 16:17:27,"0","ABAjH0jMvMvyd0Islj76I8VcvpK6",2
"492",2017-07-07 16:17:31,"0","ABAjH0gR5YbqlvsVrrx18aIz51yP",2
"493",2017-07-07 16:17:37,"0","ABAjH0h4oMvhXopsfjBDdBK6yU7M",2
"494",2017-07-07 16:17:43,"0","ABAjH0g19waA3BUKHXR3SiSSfy1o",2
"495",2017-07-07 16:17:50,"0","ABAjH0gRjw6silR5fvfdKaCVbx3k",2
"496",2017-07-07 16:17:51,"0","ABAjH0jargEQycaLl-rmsunPT74w",2
"497",2017-07-07 16:17:53,"0","ABAjH0jZUqhH2s7nzX8GjnUM_OXi",2
"498",2017-07-07 16:17:55,"0","ABAjH0joTumg7nxX_Mg7vifP4nCA",2
"499",2017-07-07 16:18:01,"AMsySZZ4seUiD2XkCPjytktFLaJh","ABAjH0hRq-iVcMY6ofiq5NwAQ7i2",2
"500",2017-07-07 16:18:02,"AMsySZZ4Ud1IRBBHCgIhAydv_hRg","ABAjH0jzXMnmVuMrmp5uh3VOiTB7",2
"501",2017-07-07 16:18:05,"0","ABAjH0iPYQxO__QGh4Nt7HkvqnP5",2
"502",2017-07-07 16:18:07,"0","ABAjH0hqGXdcHDskLAX-bIxru3qv",2
"503",2017-07-07 16:18:08,"0","ABAjH0ibqFY-n_iOQ0NBS8o3lTFE",2
"504",2017-07-07 16:18:08,"0","ABAjH0gtwpScmDU8uUXLrqwW80so",2
"505",2017-07-07 16:18:14,"0","ABAjH0gV6ndZr8zbL4QxnGpsTear",2
"506",2017-07-07 16:18:24,"0","ABAjH0jyjRUI09CPkOQ4MfneDpyg",2
"507",2017-07-07 16:18:28,"AMsySZbRgqBWDqZvgWOV_eHDhqpE","ABAjH0icdjpp-x474hd8kuHLwqBQ",2
"508",2017-07-07 16:18:31,"AMsySZbbyphgfJXelV2aVFpX7Rgx","ABAjH0gYYznaiuMojXKo3u88PlI_",2
"509",2017-07-07 16:18:32,"0","ABAjH0i94I7vlPBiPn2gH4c6e5Ga",2
"510",2017-07-07 16:18:35,"0","ABAjH0iQGO6SVsoofb_G6XYKCaHG",2
"511",2017-07-07 16:18:37,"0","ABAjH0jUupFb3kPrjyXhcRmaqVU9",2
"512",2017-07-07 16:18:41,"0","ABAjH0jfxTFzMbBn20DeyAqlF5ut",2
"513",2017-07-07 16:18:41,"0","ABAjH0jDb5njUzJrgFv3lXsGIC9Z",2
"514",2017-07-07 16:18:42,"0","ABAjH0hOwlZwll5YYLkA0kFWmK8T",2
"515",2017-07-07 16:18:42,"AMsySZbPdT-sjMaJcRx8BhMDmVYw","ABAjH0ivUDSkhk35c8CJvObK_kX3",2
"516",2017-07-07 16:18:43,"0","ABAjH0g8XLSfIHgYUb9c8wDUcKSO",2
"517",2017-07-07 16:18:51,"AMsySZb0tZAwFRknGZm1KmtrM6PA","ABAjH0gV74q5Oz_hNSdkixPDd81A",2
"518",2017-07-07 16:18:52,"AMsySZY2_7PWneWDwXhCxh8OBPsc","ABAjH0j7wXFNLMjdq-nZgyKIdWa1",2
"519",2017-07-07 16:18:52,"AMsySZYERmI0rFiao0QzYhLaFBHN","ABAjH0hTNjOT7ZwFQP2hO4qXts7p",2
"520",2017-07-07 16:18:55,"0","ABAjH0g_FGNWywRNuRoPPmuqgLnn",2
"521",2017-07-07 16:18:57,"0","ABAjH0hPEhfYbOGFnoY2Bjpnw-ex",2
"522",2017-07-07 16:18:58,"AMsySZZSidSfYpEN0H-4QhDAWslS","ABAjH0jC_CJ8hY7Oj-MOi-fkd2fH",2
"523",2017-07-07 16:19:08,"0","ABAjH0i01j3b80t9K4MCDVj6kQMz",2
"524",2017-07-07 16:19:21,"0","ABAjH0hbupdO5Jrpk95XnAFf1_Gd",2
"525",2017-07-07 16:19:22,"AMsySZabI95Bx2vAikHXVJy_K_sF","ABAjH0jWDA-K8b0cS8_iZQf1uge3",2
"526",2017-07-07 16:19:26,"0","ABAjH0i7zEopepOPCwuCOMidZhtV",2
"527",2017-07-07 16:19:29,"0","ABAjH0j7Al4t5fxvFrzLlY1xuxvE",2
"528",2017-07-07 16:19:29,"0","ABAjH0jaxvoOdT08JOb9URS3SeLn",2
"529",2017-07-07 16:19:31,"AMsySZbs5b5aU7JO6IV1cLonMKsY","ABAjH0g_oa1Pv_kv6Chh3-Gp1DDV",2
"530",2017-07-07 16:19:31,"0","ABAjH0gzHapmgjYfICvsGt5FPxLY",2
"531",2017-07-07 16:19:33,"0","ABAjH0jSutZaYEL_pWu9A_FN6GYJ",2
"532",2017-07-07 16:19:38,"AMsySZam3vXOU-mzCUHdhpsndDMk","ABAjH0iOpfrG-xxOJHyBhKE0UxAw",2
"533",2017-07-07 16:19:39,"0","ABAjH0gaIh7GSfcJIGcoAy3yb1Uq",2
"534",2017-07-07 16:19:40,"0","ABAjH0h7ckxG5xn-GUAo106izdHO",2
"535",2017-07-07 16:19:41,"AMsySZZtobHjTjME8IhHsxxmbxlh","ABAjH0jOpH9taFaVkDoIIBVr0utb",2
"536",2017-07-07 16:19:41,"AMsySZYXjFktcq6lX0htOGgFc4L6","ABAjH0i9q1C7RiQfECh2L8If1G_7",2
"537",2017-07-07 16:19:50,"0","ABAjH0gofAuUDj_VmBKp4c4zQeay",2
"538",2017-07-07 16:19:55,"0","ABAjH0hrZndQpbaGXlCcvud6hn9q",2
"539",2017-07-07 16:19:57,"0","ABAjH0ixhWZvqyPn6KkVbTAKPnHk",2
"540",2017-07-07 16:19:59,"0","ABAjH0h9-OVbhZD0pGymdMF4HfE6",2
"541",2017-07-07 16:19:59,"0","ABAjH0jMI7Xzv8BXrV6AltHxxdUs",2
"542",2017-07-07 16:20:00,"0","ABAjH0i32vn0VDVHWcB6oICQG5HW",2
"543",2017-07-07 16:20:01,"AMsySZbaCP61oQB5KIYpmrvfbYN6","ABAjH0jiV6CW-sjzN0plOI2eEO2H",2
"544",2017-07-07 16:20:02,"0","ABAjH0hlY-gMf3o3M9wjU8dR7sSw",2
"545",2017-07-07 16:20:03,"0","ABAjH0gcuKtHMCURFNLoDIsmtAEK",2
"546",2017-07-07 16:20:05,"0","ABAjH0g54Tf0otkWdhzAhwuh-emf",2
"547",2017-07-07 16:20:07,"AMsySZZFBjl6UA7LM-ouvlEqBRu2","ABAjH0jgspy4rl7ErEIbA0V5Wnr9",2
"548",2017-07-07 16:20:07,"0","ABAjH0jEhXAbvZEXee7QLFL6di7D",2
"549",2017-07-07 16:20:08,"AMsySZZF2eNG92pBi_4VKB2EcWkS","ABAjH0jL6Xcx6beekRPjPgfh3ewu",2
"550",2017-07-07 16:20:15,"0","ABAjH0irhMAlVfLjLhz253PZzBXC",2
"551",2017-07-07 16:20:17,"0","ABAjH0heECh5y31DFe26hzvFSPSF",2
"552",2017-07-07 16:20:23,"AMsySZYqK54_0E8RufJbc-5rWhKg","ABAjH0jPQE8Mq60TkTe_zTCAabFZ",2
"553",2017-07-07 16:20:25,"0","ABAjH0he2Ib9b2-5Fmk0FoymnP-p",2
"554",2017-07-07 16:20:29,"0","ABAjH0gXUjd2baDMZZC1bnl_H1ci",2
"555",2017-07-07 16:20:33,"AMsySZZ--aJ0m9fP2-cgsE9coKOX","ABAjH0h-gzGh_qr-lKrjr-QEQOMJ",2
"556",2017-07-07 16:20:40,"0","ABAjH0jaujmu-x7ZCN-WezZcVAmN",2
"557",2017-07-07 16:20:41,"0","ABAjH0gtgd27oHzz4we8Lnr2V2DT",2
"558",2017-07-07 16:20:44,"0","ABAjH0iOn6f-S7waxWER8HVhBvY1",2
"559",2017-07-07 16:20:44,"AMsySZbz6zvD11lpPp3Zjl73zxw_","ABAjH0gCtV95tx4ly2cMfMtBbFoa",2
"560",2017-07-07 16:20:45,"AMsySZZf4shb0VTJkAp7JVTQOkCj","ABAjH0gqb7FQioSSwNfNuozr4-i6",2
"561",2017-07-07 16:20:47,"0","ABAjH0iynbvV6kBj6mMjR9kdg1t9",2
"562",2017-07-07 16:20:48,"0","ABAjH0gF5c7SES_PAg7qRVO37ePT",2
"563",2017-07-07 16:20:48,"AMsySZbchlNBUSxzWEWZYYyJC9xQ","ABAjH0hV8U6e7QaJv3aRzW0w35yo",2
"564",2017-07-07 16:20:49,"AMsySZYU3byJCpXYngWucHemLxQ1","ABAjH0iEL2o40YoY5MLIfBajL0d7",2
"565",2017-07-07 16:20:49,"AMsySZbCfF258YCZpof4aseSFU7f","ABAjH0h1IAzQAe4f4AjnKxvEqCzp",2
"566",2017-07-07 16:20:51,"0","ABAjH0iw-0kjoHuZARl24Jwm55Yv",2
"567",2017-07-07 16:20:57,"0","ABAjH0h_ghPO38uzHyLaEd-q9Kg5",2
"568",2017-07-07 16:20:58,"AMsySZZzlbCV4JoxUMyuGe1iXyzs","ABAjH0inru9PmWL0LX56n9EI920Y",2
"569",2017-07-07 16:21:02,"AMsySZYRq7QfR3rNxM83Vbn6qdGI","ABAjH0jXsQzOUO3h6DJdARNvcJSR",2
"570",2017-07-07 16:21:03,"AMsySZa5HVfKxsZmXz3sxU50xZJm","ABAjH0h1LlB0pksp2NOilVXEdmh6",2
"571",2017-07-07 16:21:08,"0","ABAjH0h4QW5-9vvbqDNJkwCX0zIJ",2
"572",2017-07-07 16:21:09,"AMsySZYNX-4A8yEu6xW3gLDNALJb","ABAjH0gv1Ik484qhDl-skIAroIxL",2
"573",2017-07-07 16:21:10,"AMsySZaR2-cmw2RPINjOhXaWnz7J","ABAjH0iXnDBlQFt_8wQyc2r7wYKo",2
"574",2017-07-07 16:21:11,"0","ABAjH0i7hLHaC4FTGGRs_ZsOhP0C",2
"575",2017-07-07 16:21:12,"AMsySZarhpmnEZ7zBCUJKybIW177","ABAjH0h4wrAe1xZEpxpNFtlX7H65",2
"576",2017-07-07 16:21:12,"AMsySZbPgVqzVfU1gUVCf6o4foCp","ABAjH0iFyUTonGevuSSS7a32muE3",2
"577",2017-07-07 16:21:15,"AMsySZbjqoDNRwhT5_auZiOV_1XV","ABAjH0iGPG0zj49ECKerdOh1y29t",2
"578",2017-07-07 16:21:15,"0","ABAjH0gKwL-pn0IS2xH0GGqwHlqx",2
"579",2017-07-07 16:21:15,"0","ABAjH0jZaQmHwpwk06um3pBohB7u",2
"580",2017-07-07 16:21:16,"AMsySZZ4kYTTM5A5ujYIJLIw2kmb","ABAjH0gbxVYSq7agx1nheeN9Jnzq",2
"581",2017-07-07 16:21:23,"AMsySZZcCEpxNsVShT_-ExXs97Ty","ABAjH0hQN2bAkqNQdBoZ8pfFz7uw",2
"582",2017-07-07 16:21:23,"AMsySZagmap8YT9pVspfgRwAQQKO","ABAjH0hZdqYU5f4mD30SCTOt9GUy",2
"583",2017-07-07 16:21:27,"0","ABAjH0gwZBOfGuevB6SQMb5ojKp-",2
"584",2017-07-07 16:21:33,"AMsySZaREiEyKsjvhnClg6X7Jc_Y","ABAjH0hjS5jO0V9gYGlFeNY6BwIc",2
"585",2017-07-07 16:21:34,"0","ABAjH0hgkScfhnJE8vodS9U-BMaZ",2
"586",2017-07-07 16:21:34,"0","ABAjH0gNnWCRiW61QSatpRAMpukW",2
"587",2017-07-07 16:21:36,"AMsySZagR8Qg-R8xzKV-P9fIzM8V","ABAjH0gsS5wFdzVIn0A3SqUQ6KFr",2
"588",2017-07-07 16:21:42,"0","ABAjH0jaZQhdW8G8I42hr71kaWYR",2
"589",2017-07-07 16:21:43,"0","ABAjH0hBHZuFhCvLT-DVw82fW6U9",2
"590",2017-07-07 16:21:50,"AMsySZbCITPsV1_p2dr8LGjO3Jul","ABAjH0jee308VrZlswoUMru05rkg",2
"591",2017-07-07 16:21:53,"0","ABAjH0iZJ8_f2s8du5AF1sZqPicA",2
"592",2017-07-07 16:21:55,"AMsySZYgazXvtMCim5UzR5x2OReG","ABAjH0hjxacfd9rc44E0aye3rWk1",2
"593",2017-07-07 16:21:56,"0","ABAjH0hjTdqqRhGYQgInYUlSz7zM",2
"594",2017-07-07 16:21:59,"AMsySZa-Yp8sEsnRm67SeLEydnxB","ABAjH0gfXH3x2D2KOXaOeiLNuqTd",2
"595",2017-07-07 16:22:04,"0","ABAjH0h7rN3qOyFxS0LWviIgPIX-",2
"596",2017-07-07 16:22:05,"0","ABAjH0ireEsjPkeS4puG7OnrJMOs",2
"597",2017-07-07 16:22:05,"AMsySZYpxv13-bNdU5wqBkCk-hAK","ABAjH0jA1vrCIvVAC3TcxbmNODYE",2
"598",2017-07-07 16:22:05,"0","ABAjH0ji3uEZkn3XBZqBtPYiSt6d",2
"599",2017-07-07 16:22:07,"AMsySZb9XWRfZ20tvwFjSvxae9Nj","ABAjH0gEzjrfPsY8Uk-O_NDjXCqq",2
"600",2017-07-07 16:22:07,"0","ABAjH0iELFqE2mL7CmcM9xVDpqro",2
"601",2017-07-07 16:22:08,"0","ABAjH0i_TsyMBVnp4xQS5nLYt7CN",2
"602",2017-07-07 16:22:11,"0","ABAjH0jRwMnYIxQ-UPdKhfdaJ87O",2
"603",2017-07-07 16:22:11,"AMsySZbsDRyZ790OlYZYZPvtw1Ff","ABAjH0jMB77nTQStRH4DpNQpP0GN",2
"604",2017-07-07 16:22:12,"AMsySZZuvdvJzGGNd4IOrpUy3Kci","ABAjH0iyKVFi67ayQHy6w1kqjJii",2
"605",2017-07-07 16:22:20,"0","ABAjH0gJTGC47lU3PGo_VL41QXL3",2
"606",2017-07-07 16:22:21,"0","ABAjH0iw5-c7zyJax0UmbRliZi45",2
"607",2017-07-07 16:22:21,"0","ABAjH0i1W8LlMhAHzyyxED_g1Cps",2
"608",2017-07-07 16:22:22,"AMsySZaXK79VPZyDbeTnSkfSIHtE","ABAjH0hLJiJp3sSRZzjS7V9zAXEQ",2
"609",2017-07-07 16:22:25,"AMsySZaibwbNSPvcKL7Ee6reMuLp","ABAjH0gEk9-doGW2yDIuFq-Pg2Xf",2
"610",2017-07-07 16:22:29,"0","ABAjH0j7H5lNx3cuJheJkph94XHF",2
"611",2017-07-07 16:22:31,"0","ABAjH0gVJkAnJXxEmhEw7kDZMDpk",2
"612",2017-07-07 16:22:32,"AMsySZbpGJ-ttearI3WoTgjeypbL","ABAjH0iW55dLyUT-lgb3oJ3EXamM",2
"613",2017-07-07 16:22:33,"AMsySZZvB9bQ-bhYk0BHFfuV1zyX","ABAjH0ivTewgsDctIgpWC2y5iFmw",2
"614",2017-07-07 16:22:43,"0","ABAjH0gfReH6fwzwkPeECvfCdxH5",2
"615",2017-07-07 16:22:44,"0","ABAjH0iLzVOXPYYUSQEfyNItJNRv",2
"616",2017-07-07 16:22:54,"0","ABAjH0iAwb7A-elRrb-Dc6FKs-S_",2
"617",2017-07-07 16:22:59,"AMsySZbd6LzFq7cRhL2nMC9N7FGD","ABAjH0jJS4TO4bc_558O3H10RWed",2
"618",2017-07-07 16:23:00,"0","ABAjH0jl02e_UwEEEYm_EEv1iIVI",2
"619",2017-07-07 16:23:02,"AMsySZYIVJp7L5VRbvyoE-vKaBHj","ABAjH0jfaemh3NEYZGCCJBq3xnbx",2
"620",2017-07-07 16:23:04,"0","ABAjH0h4qUfDiXHLmWmnyTgcL1sY",2
"621",2017-07-07 16:23:07,"AMsySZb0KyWm6RpHGYxl5_WZ_TXv","ABAjH0h3FC0ep0RyZVM4PKO96d2U",2
"622",2017-07-07 16:23:07,"AMsySZb0KyWm6RpHGYxl5_WZ_TXv","ABAjH0gEN4fkk-WOOYZGUth1c7Nz",2
"623",2017-07-07 16:23:07,"AMsySZZDfRAYcnGFbP9pcpg_ZAqn","ABAjH0ihMiwrvgckLHB3LgePHZQ5",2
"624",2017-07-07 16:23:09,"AMsySZZEHkMDlUTOpJY93PwU5ioG","ABAjH0jQlFKHjg9arrKTvRX8lmM4",2
"625",2017-07-07 16:23:09,"AMsySZa66Ihep5H5-ufBggg1Xlrz","ABAjH0ittVydmBLpO79C3ov78nC0",2
"626",2017-07-07 16:23:11,"0","ABAjH0i-BO4uC47HJPwNBViC6Nie",2
"627",2017-07-07 16:23:16,"AMsySZZtNeI0nuRfXPPXKRhLkkQ_","ABAjH0iyDJV5DQoR14lSkUyyHXsi",2
"628",2017-07-07 16:23:16,"0","ABAjH0i4TrXuqMEi0tCsigmk8ZnB",2
"629",2017-07-07 16:23:17,"AMsySZbtveTr-iZDbpOmUYJuHfcf","ABAjH0jjCWA8JFBcmwWRfMuT7I66",2
"630",2017-07-07 16:23:20,"AMsySZaTvsnx8OpBIyl3GTrFbd7L","ABAjH0hfKNKktm-IQqzcxZyNYMUX",2
"631",2017-07-07 16:23:21,"0","ABAjH0hBblw8C7kT8S-pnjdjSKmC",2
"632",2017-07-07 16:23:22,"AMsySZaU_j9iMr4z2tLO2A8v05rs","ABAjH0iR_q_WKuj1vax_Ew_98ZXh",2
"633",2017-07-07 16:23:27,"0","ABAjH0huCMdea57uGziDVoncrtsr",2
"634",2017-07-07 16:23:27,"0","ABAjH0iiajzDkbk1F9wrL1ANJ0q2",2
"635",2017-07-07 16:23:30,"0","ABAjH0hd5UclCWWn4gcJto2vjzm9",2
"636",2017-07-07 16:23:30,"0","ABAjH0iHW41REme2bwjbMVyFfHza",2
"637",2017-07-07 16:23:30,"AMsySZYProN7IApYnnK4kCEdOn__","ABAjH0h0aBUJXJbC-kV2Vmxxp3LD",2
"638",2017-07-07 16:23:33,"0","ABAjH0h-gUNyqozfWilr57zNYub0",2
"639",2017-07-07 16:23:35,"0","ABAjH0jS74_e33C2kmDoWWmsL1Ff",2
"640",2017-07-07 16:23:36,"0","ABAjH0gzekHPSytXaFjVi4qB1v2p",2
"641",2017-07-07 16:23:38,"0","ABAjH0jjeoCGw3mKXQ6dcYn2MuZm",2
"642",2017-07-07 16:23:39,"0","ABAjH0ipBQlGlBAdxSawxnHrUQss",2
"643",2017-07-07 16:23:41,"0","ABAjH0if2WGaQgv5EZ_QH5tHzYn_",2
"644",2017-07-07 16:23:42,"AMsySZaWpZobtycJpoF81J-G7Bzm","ABAjH0juzVOYpAhDUfzh1n76irL9",2
"645",2017-07-07 16:23:42,"0","ABAjH0iyiaZyvP27111yGbjwunGf",2
"646",2017-07-07 16:23:43,"AMsySZZLeZtSGyT7K4bF1LR5_QXw","ABAjH0h2y5EHh4MHHbIJP4GuSaT3",2
"647",2017-07-07 16:23:48,"0","ABAjH0ienYNNdOptxPG1T7C9vTDt",2
"648",2017-07-07 16:23:48,"0","ABAjH0iSwc_b_1gjGIQpEZvxz8eg",2
"649",2017-07-07 16:23:57,"AMsySZaHQ6NSDlqEppYeW65wpGNu","ABAjH0gAYDIRZf_Nr7vVgngE2dFY",2
"650",2017-07-07 16:23:58,"0","ABAjH0hHguv0iOJnwwAdCeW6HHr_",2
"651",2017-07-07 16:24:01,"0","ABAjH0jSP-NpYF5T-Lh3IjdTZ8Sn",2
"652",2017-07-07 16:24:04,"0","ABAjH0iWHil0ZdEpSd7_ETVmfHNt",2
"653",2017-07-07 16:24:04,"0","ABAjH0g7zLAUTscDRPX_oz3gCTPl",2
"654",2017-07-07 16:24:05,"0","ABAjH0jwOUNFqjn2OKeJlJksJkyH",2
"655",2017-07-07 16:24:05,"AMsySZY7X4Ew-P2J4jnZPJTpfjvp","ABAjH0iVaFZl2JY14TGwfLgHWLAR",2
"656",2017-07-07 16:24:06,"0","ABAjH0h788ZsMK83Xn1HZENvpTXT",2
"657",2017-07-07 16:24:08,"0","ABAjH0g0ratuL8qwAzaTHkFQDQEF",2
"658",2017-07-07 16:24:08,"AMsySZYAjMB033scBSI1eXGd4RB6","ABAjH0hb4irS9epa1a6y6nm5gVga",2
"659",2017-07-07 16:24:09,"AMsySZYOcfFwZbXy1p4JY6it3fdQ","ABAjH0iPsg7wdsZhYXFcsgHVqAV1",2
"660",2017-07-07 16:24:13,"AMsySZZheOPOSASWE4JXAi5-4s30","ABAjH0hkK9ycLQhAcgnoTsGIp5Aa",2
"661",2017-07-07 16:24:15,"0","ABAjH0gODdk_GHkjpD-RmVGozzfJ",2
"662",2017-07-07 16:24:16,"AMsySZa81qI9m1BUb_vNPjKCx1HL","ABAjH0j6rUue8x4rYqmsnvUozN-2",2
"663",2017-07-07 16:24:20,"AMsySZY87DiTxS5ZSOetHKdY3a8D","ABAjH0g85e_S3tzw1efk3IJR7DAL",2
"664",2017-07-07 16:24:22,"0","ABAjH0jCRTAuDEpSxYX5HAF9Atig",2
"665",2017-07-07 16:24:25,"0","ABAjH0j4ZvoN6lH6FphPg29_3Gjx",2
"666",2017-07-07 16:24:29,"AMsySZZw4hfngofVaOZs9ESeKVB1","ABAjH0iSsDzgCnA3vv-i2AlJsEPA",2
"667",2017-07-07 16:24:30,"0","ABAjH0jr13npwbsGYiNTL6H7SdjY",2
"668",2017-07-07 16:24:31,"0","ABAjH0gjqYX0I5Ru_Nn3h8pdEGzN",2
"669",2017-07-07 16:24:35,"0","ABAjH0hvLGS_qnakS54KPaJ8FmDo",2
"670",2017-07-07 16:24:37,"AMsySZZGCpV3jxw10zPp2ll4BXmO","ABAjH0jjUW_hgf1bPk_CvBAiLLCv",2
"671",2017-07-07 16:24:42,"0","ABAjH0jVB1cD_OsVYqx4MQLSPC_6",2
"672",2017-07-07 16:24:48,"0","ABAjH0hrs8MxLcxB4qok7ib1Sva4",2
"673",2017-07-07 16:24:48,"0","ABAjH0h1FBxxbSS7IJgUB7nKLhh-",2
"674",2017-07-07 16:24:48,"0","ABAjH0g1gCuWTY_SrrkYKFgeCRb5",2
"675",2017-07-07 16:24:50,"0","ABAjH0iJsjDmQ1cS3JoA1F5dGwc0",2
"676",2017-07-07 16:24:53,"AMsySZbaWobYiKizC1vzqQBGDcri","ABAjH0jn_mlRMAu8z1wmLv7LXGwO",2
"677",2017-07-07 16:24:53,"0","ABAjH0h4jTKsaoZY7PfkhNt5vSox",2
"678",2017-07-07 16:24:53,"0","ABAjH0jfbVjU6yd1U3CVfrGvp0OE",2
"679",2017-07-07 16:24:57,"0","ABAjH0gu-Z1Rp2IG1BqdIO-ONXlj",2
"680",2017-07-07 16:25:01,"AMsySZYkmo2EXZ61042C_MoxpUkT","ABAjH0jlH9vAq9uo-DD5_zh1wmQs",2
"681",2017-07-07 16:25:02,"0","ABAjH0iTliltJEvbDOONo8RIPhOL",2
"682",2017-07-07 16:25:03,"0","ABAjH0ho1AYsS4b-54zEiPgdkheX",2
"683",2017-07-07 16:25:04,"0","ABAjH0gdBFiCDKszTLY6EAb_EcI8",2
"684",2017-07-07 16:25:07,"0","ABAjH0gILoLpd5hqAZb0mqYSr3XX",2
"685",2017-07-07 16:25:07,"AMsySZYR-5Il0zOM0WxpylBK_3b4","ABAjH0hZfa2Q5YCb3J7ppAgKizl8",2
"686",2017-07-07 16:25:07,"0","ABAjH0gLSJ1mFac3vdfFGqFqDdra",2
"687",2017-07-07 16:25:07,"0","ABAjH0gDh5yj-Obp37GGc2hXH-m0",2
"688",2017-07-07 16:25:07,"0","ABAjH0hYCg5eKu-rUPABowqcgaCZ",2
"689",2017-07-07 16:25:11,"AMsySZasW0fpDkbQxSRse6MqMB_S","ABAjH0iqVO-tAi7XmTvAZ2SRMMgq",2
"690",2017-07-07 16:25:12,"0","ABAjH0jCs0_PFKKdfQYSrutJYQ5U",2
"691",2017-07-07 16:25:15,"AMsySZbMGpDllAuKtAlVl__ughcg","ABAjH0jyoWB268cS99xaR1FZGUUN",2
"692",2017-07-07 16:25:20,"AMsySZbkl5-S0iwfDSk37s9tzC0d","ABAjH0iv_eBgCVzTlzb3dVH0j9GY",2
"693",2017-07-07 16:25:20,"0","ABAjH0iUfTLwQtMPmebAlsmJR72f",2
"694",2017-07-07 16:25:21,"0","ABAjH0glQBoMprQLrmaTmdl1Np-1",2
"695",2017-07-07 16:25:35,"0","ABAjH0hS8Isp5bZlxnmOAWzj-lIW",2
"696",2017-07-07 16:25:36,"0","ABAjH0hKBBUKwTHEuuEk6L8X54J0",2
"697",2017-07-07 16:25:40,"AMsySZaVwbDcpezrTLSr_BMxE8Qj","ABAjH0glnZegBM9NR5CtRmAstuCR",2
"698",2017-07-07 16:25:41,"0","ABAjH0iAdaHIgy_ETNbdGpE3hOSQ",2
"699",2017-07-07 16:25:44,"0","ABAjH0j4sUEk7bP8ZHng4CjcayFW",2
"700",2017-07-07 16:25:46,"0","ABAjH0jZgAZ4P69x-mw74PIzjXMq",2
"701",2017-07-07 16:25:47,"0","ABAjH0hkkmKF-7iG0Ak-8737n6xe",2
"702",2017-07-07 16:25:48,"0","ABAjH0gWAzxJXaC0PPPD-f_tx0FB",2
"703",2017-07-07 16:25:49,"0","ABAjH0h9tjEzCHQAtVZ39ZmOhZqN",2
"704",2017-07-07 16:25:50,"0","ABAjH0hf1maZzOFsJuvRY8d0MbDW",2
"705",2017-07-07 16:25:51,"0","ABAjH0iEJ45tmoLU_WC--1r7_DGL",2
"706",2017-07-07 16:25:56,"AMsySZb69sYj1eylgpzcKKWpSUSb","ABAjH0i58ddJyBsyXDe-dDWu3_Ps",2
"707",2017-07-07 16:25:58,"AMsySZapV6kr5TB8wrvx3fpCMJqg","ABAjH0ircxMEA6m_XgjiZWuOhkek",2
"708",2017-07-07 16:25:58,"0","ABAjH0ipRH6kPAhx4CcXRyZSQW5_",2
"709",2017-07-07 16:26:00,"AMsySZZOx1VoRUGFHuA9GZD1dAcd","ABAjH0hZS0cGX0OLvtWTaOmwtvua",2
"710",2017-07-07 16:26:02,"AMsySZal7jv_o5r_0WXKh8ENKucs","ABAjH0hqKltpVih_rDIcdZH5sOra",2
"711",2017-07-07 16:26:03,"AMsySZYzRFH_qtUSWylAuRljXUgl","ABAjH0hM3NrOooRAupPJp6FiZCO-",2
"712",2017-07-07 16:26:05,"AMsySZZhBeXpUaveuVKIjdmIzr6e","ABAjH0jSdgs0mMSuydsa_pexjl5p",2
"713",2017-07-07 16:26:05,"0","ABAjH0i9X2oTPz_i-A5XYnf6cpB9",2
"714",2017-07-07 16:26:06,"0","ABAjH0glerWWgzTUPYI_KjQGhE7q",2
"715",2017-07-07 16:26:08,"0","ABAjH0jGqF9PJ0m4agtB_rAE2KgS",2
"716",2017-07-07 16:26:12,"0","ABAjH0hgbfVFMyIpiLDa64xITTVp",2
"717",2017-07-07 16:26:16,"0","ABAjH0j3iwya3B5Aqk_GpLzqYanm",2
"718",2017-07-07 16:26:18,"0","ABAjH0gx4Tq2KrCM2gbJHGeamW4G",2
"719",2017-07-07 16:26:21,"AMsySZb5cUk8aGU55LbhCVL6hIPW","ABAjH0j2m-ZN46EME09THvT-r-cd",2
"720",2017-07-07 16:26:21,"AMsySZbSj9VYV7A8YWkrxCvqO711","ABAjH0g1w-Q9oU_-6n0yQtkgvZVE",2
"721",2017-07-07 16:26:22,"0","ABAjH0ge0zj5fEI69mRtcQdbY34o",2
"722",2017-07-07 16:26:25,"0","ABAjH0j951Ua2qL8n3TAI3x3YBdh",2
"723",2017-07-07 16:26:25,"0","ABAjH0iMXZZ27uuBhWLLW9ca5FQ1",2
"724",2017-07-07 16:26:26,"0","ABAjH0j-81yOlnxuYZV2kN87fUoO",2
"725",2017-07-07 16:26:27,"0","ABAjH0j8FEJRrd8incHd-djl_U92",2
"726",2017-07-07 16:26:27,"0","ABAjH0hucvSW8fsvkFd2vnmm8cGR",2
"727",2017-07-07 16:26:30,"0","ABAjH0jp4dAPq3KpAlyQj0OFkmKA",2
"728",2017-07-07 16:26:32,"0","ABAjH0ivR002Jo_Zux-RJX39DQts",2
"729",2017-07-07 16:26:32,"AMsySZbSVbPl0iNA17CT_KXWyAQv","ABAjH0jeqvnuwKQ95Jj5XpveUkQ9",2
"730",2017-07-07 16:26:34,"0","ABAjH0iNcRjAItpM6_EEijptFuW6",2
"731",2017-07-07 16:26:34,"0","ABAjH0g7_aTjAxc05Ec9mscnWhZk",2
"732",2017-07-07 16:26:36,"AMsySZYaAmWREPO7ufaKRbOCAmhZ","ABAjH0g_DWMEk2e5xGkYcV6rzMgp",2
"733",2017-07-07 16:26:38,"0","ABAjH0gg0e4XjihOQ4USZccZwDTn",2
"734",2017-07-07 16:26:40,"0","ABAjH0jKjLbDj-osp_FsBZFveZrX",2
"735",2017-07-07 16:26:40,"AMsySZYZUi9WV_eJ_tTxI6FXeeHN","ABAjH0ityKqWRIiQqWtGp0KGSkiq",2
"736",2017-07-07 16:26:42,"AMsySZYn0Qfg_EvJO7VLmP0vV79d","ABAjH0ikluxgTUB3JENa8aSJIJMC",2
"737",2017-07-07 16:26:43,"0","ABAjH0hSFwGOO1XuTVve3-7lHmaw",2
"738",2017-07-07 16:26:44,"AMsySZaABPfeaa2fUL-Q1D5Fe1c4","ABAjH0i3J7lctSFyOHMFHf08vDBw",2
"739",2017-07-07 16:26:47,"0","ABAjH0hkb6fASI5GP1K3h20IQL7m",2
"740",2017-07-07 16:26:50,"0","ABAjH0hzvtKj3FPqLak_JrWwbVVs",2
"741",2017-07-07 16:26:51,"AMsySZYkAVOp-_xfz5n2I1Lo4bZx","ABAjH0gCxixTpUqT5XpAK5Bf3W1S",2
"742",2017-07-07 16:26:54,"0","ABAjH0irp2ny8wLEwuH3w0o2nStR",2
"743",2017-07-07 16:26:59,"0","ABAjH0jRqzA5TYZGOX-78NhamhcM",2
"744",2017-07-07 16:27:01,"0","ABAjH0hZBG5zBQYUfW2Vax6stAl3",2
"745",2017-07-07 16:27:01,"0","ABAjH0g2lkmcbYKvW42RkthH806g",2
"746",2017-07-07 16:27:01,"0","ABAjH0jnqBktu4Pxndkii-uwIMFy",2
"747",2017-07-07 16:27:03,"AMsySZY3eJf1JxT_Vgsauak1eunq","ABAjH0hxEgrvZX5AQDTKHwJeshne",2
"748",2017-07-07 16:27:06,"0","ABAjH0gsVgriYo64S64QJl--4tDN",2
"749",2017-07-07 16:27:08,"0","ABAjH0jODeP8KLBSn_W18y2R09Qd",2
"750",2017-07-07 16:27:09,"0","ABAjH0hWsiEoWOa4b2-OWuKnD-pl",2
"751",2017-07-07 16:27:15,"AMsySZZG5wF9KyY5BAR8CfrsBdW0","ABAjH0jieJIy5B3clVWvk__CprZ3",2
"752",2017-07-07 16:27:16,"0","ABAjH0g7QauxiiNDn2kFS4dbWAe4",2
"753",2017-07-07 16:27:22,"0","ABAjH0iO9-3Bn-fCyyYcWqCWzn0g",2
"754",2017-07-07 16:27:24,"0","ABAjH0gYaDTaS_gFdmvJExHFuneb",2
"755",2017-07-07 16:27:29,"0","ABAjH0gcoseVjrlsENPVpJvpmdzH",2
"756",2017-07-07 16:27:29,"0","ABAjH0hnSzmzeaC6xuJkBE4_AtNM",2
"757",2017-07-07 16:27:32,"0","ABAjH0g_7YAfX61rTkL858jPV_P8",2
"758",2017-07-07 16:27:38,"0","ABAjH0gcs79Fx3L8DvPV7cSr3pVj",2
"759",2017-07-07 16:27:41,"0","ABAjH0j_QkopKlG3emgh2y0gCfWT",2
"760",2017-07-07 16:27:41,"AMsySZbSp3myRrBs85c_oNIZb0u3","ABAjH0glw2OVoXTOb6xePJFX2wEN",2
"761",2017-07-07 16:27:46,"0","ABAjH0jZWnHB5ujnRlexh6O1ZCVL",2
"762",2017-07-07 16:27:56,"0","ABAjH0hENZacsEmn_VsfGUQ85Rnn",2
"763",2017-07-07 16:28:06,"AMsySZahLoW-zsvYOYsIpOR1g-qK","ABAjH0gauUCFEVAo2-sfDLeuYZg0",2
"764",2017-07-07 16:28:06,"0","ABAjH0isJ2_aAd_mn8XZ7JnhDOzj",2
"765",2017-07-07 16:28:12,"0","ABAjH0hKEa_BPvLCR9ZaarykRWoz",2
"766",2017-07-07 16:28:17,"AMsySZb2mZakcYtkP1hxMzujqKmW","ABAjH0hD1M46Hies4OHFmpc7i69f",2
"767",2017-07-07 16:28:21,"0","ABAjH0h_NOJMjENUlS-oS5rcsshD",2
"768",2017-07-07 16:28:21,"0","ABAjH0hv1QjGox8x8Ld168asoroG",2
"769",2017-07-07 16:28:23,"AMsySZbhem1Jrb4W148EFB2QQ6Vy","ABAjH0guZW15RTk4yuFzqNluwrLY",2
"770",2017-07-07 16:28:31,"AMsySZZq15mWsq8mr6yxzJA7LyOs","ABAjH0iQhEEw33-cltU0fTdVRiZa",2
"771",2017-07-07 16:28:32,"0","ABAjH0jZqL23QZmjCxTK4WLbvB-M",2
"772",2017-07-07 16:28:34,"0","ABAjH0iO4kCtaUVCCXAw5faF_Ft2",2
"773",2017-07-07 16:28:35,"AMsySZYYcpEanoK1rtUFH0xbYXOt","ABAjH0h7BL7gCSMdPfhk1GN870Fo",2
"774",2017-07-07 16:28:35,"0","ABAjH0hHWOIL0Yg6JBzX2BwM1Vac",2
"775",2017-07-07 16:28:36,"0","ABAjH0idYs9ILrflDn-Zum1hFgn0",2
"776",2017-07-07 16:28:42,"0","ABAjH0jUUxDvunh3-X2a045x2rFV",2
"777",2017-07-07 16:28:43,"0","ABAjH0i1ow8BUiJ20vem8KY28kj0",2
"778",2017-07-07 16:28:44,"0","ABAjH0jf0OTuCKzBIz0eEWs7niMq",2
"779",2017-07-07 16:28:44,"0","ABAjH0jvstQTK1AwgL2grL-4xOJo",2
"780",2017-07-07 16:28:48,"0","ABAjH0jE4lg4oEc5ybEGigy77a2T",2
"781",2017-07-07 16:28:50,"0","ABAjH0ju7ka9RjcH1nABKxf5FgC0",2
"782",2017-07-07 16:28:52,"0","ABAjH0gUKE7VlV2dS7Ho3nCD6fMt",2
"783",2017-07-07 16:28:53,"AMsySZbFpfaOLulaFzSZDMxKP70i","ABAjH0jRrktSTzdMMShXsTMaQtMR",2
"784",2017-07-07 16:28:54,"AMsySZbCKbfnlU6tzoFigtLEtcOm","ABAjH0jTD3LXQFnfNUYzQ80Fp5q1",2
"785",2017-07-07 16:28:57,"0","ABAjH0h-sjdVhotzWZIZ9G0weFir",2
"786",2017-07-07 16:29:04,"0","ABAjH0hBj1MAO7ENvPgt9ewQvTAZ",2
"787",2017-07-07 16:29:06,"0","ABAjH0iPsWUC-QpJ1kkIwXwgYMyI",2
"788",2017-07-07 16:29:06,"0","ABAjH0gxujXdsFeawALprrMBt4wb",2
"789",2017-07-07 16:29:09,"0","ABAjH0ivkJRpgSC_MOiWR17GUuxo",2
"790",2017-07-07 16:29:10,"0","ABAjH0iBTbudqsBJOY6S9vAD4PqQ",2
"791",2017-07-07 16:29:12,"0","ABAjH0iwthFJ2EtqCAc97a14IqnU",2
"792",2017-07-07 16:29:15,"0","ABAjH0gq0giXABvkGX5s1uwU-Q7M",2
"793",2017-07-07 16:29:17,"0","ABAjH0iHHm1SCSVgKcFqI07dZ-q-",2
"794",2017-07-07 16:29:17,"0","ABAjH0hKHN_QNHBjmi3KxBwTsOdK",2
"795",2017-07-07 16:29:20,"0","ABAjH0gldHYbcGoFFXCpS4x4V3TQ",2
"796",2017-07-07 16:29:23,"0","ABAjH0gu2XCVB8GSXco9P3jtJiaE",2
"797",2017-07-07 16:29:30,"0","ABAjH0gvMaabiljpYv89dpzjmRGk",2
"798",2017-07-07 16:29:31,"0","ABAjH0jCh2xsfswyf0G9CC9Z9GGL",2
"799",2017-07-07 16:29:32,"0","ABAjH0hQ45Nzah1YwtC3_h0Ece2m",2
"800",2017-07-07 16:29:32,"0","ABAjH0jrOKmvqLTEEMc7eRuHV-1u",2
"801",2017-07-07 16:29:33,"0","ABAjH0jZv3j626oW9f7CTeV-BZCL",2
"802",2017-07-07 16:29:41,"0","ABAjH0hMAck0sehq8xMyIyIeqvqB",2
"803",2017-07-07 16:29:47,"0","ABAjH0jdyMGV_5R-btmKGQPYSTzI",2
"804",2017-07-07 16:29:53,"AMsySZZ0V0Fu1xASeLsTYOdxC20w","ABAjH0iye6-VFGrnbr_bVlg5Ta05",2
"805",2017-07-07 16:29:57,"AMsySZb4kr-cvr9rxwKYGSxMO5kF","ABAjH0hsFwxO0UKbMGYNnMfJnkZp",2
"806",2017-07-07 16:30:02,"0","ABAjH0ge6_KHfcJrLhmd53wq8rSW",2
"807",2017-07-07 16:30:02,"0","ABAjH0gQux6h71g3Y9mAH0_WJTNe",2
"808",2017-07-07 16:30:03,"0","ABAjH0gVvVuOb3I_Yj5keDEKvl3J",2
"809",2017-07-07 16:30:08,"0","ABAjH0jGd9lfqzElkrsMht3dlgYq",2
"810",2017-07-07 16:30:10,"AMsySZZ8u7cJnbARunvesNidnq3j","ABAjH0jLebYgbw17U5dgDXbJnilK",2
"811",2017-07-07 16:30:10,"0","ABAjH0iVFy7xKfxC3RtK5ZVtkWmI",2
"812",2017-07-07 16:30:10,"0","ABAjH0iKUpJpH851gLPHehQ0s0Os",2
"813",2017-07-07 16:30:11,"AMsySZa2lrzOAFs9mf0l3wgmb4yr","ABAjH0hWN2glM43VGWHXOQwVEGav",2
"814",2017-07-07 16:30:12,"0","ABAjH0htcW9h7Vhgbz4jdfHLSjfK",2
"815",2017-07-07 16:30:16,"0","ABAjH0jl0i39dZL0CGg7YUemr1Uk",2
"816",2017-07-07 16:30:17,"0","ABAjH0h412WbYE_ffGyuz_Dbj_PW",2
"817",2017-07-07 16:30:17,"0","ABAjH0hzyfT_va7h6IF1HaH4p20k",2
"818",2017-07-07 16:30:21,"0","ABAjH0j61Gff2MoxsrIziyvjs9qo",2
"819",2017-07-07 16:30:22,"0","ABAjH0g6QwfxTjpep5cTHY-dl3vG",2
"820",2017-07-07 16:30:23,"AMsySZZSZjGdC_dNniOUDYkM2Xei","ABAjH0gudNHvA4tF0_ntckEq-sWX",2
"821",2017-07-07 16:30:25,"0","ABAjH0jeC4SmdlMcBRzZigGWOjRV",2
"822",2017-07-07 16:30:30,"0","ABAjH0j_HDSrbiAmtSZu-b1PIrhV",2
"823",2017-07-07 16:30:33,"0","ABAjH0grORL3Wx4U2EyvgQsZM8WF",2
"824",2017-07-07 16:30:49,"0","ABAjH0jPGJR1Kt_lCxNEMLV5L-ey",2
"825",2017-07-07 16:31:02,"0","ABAjH0i8ejxOLzClCQ6TwnEkv5AT",2
"826",2017-07-07 16:31:06,"0","ABAjH0i99iqdyfW7c4lMGzkf9min",2
"827",2017-07-07 16:31:15,"0","ABAjH0h_667BIT4PN679RDkM-oyY",2
"828",2017-07-07 16:31:15,"0","ABAjH0jY8HWBlUGLpn0BKVoIZeIR",2
"829",2017-07-07 16:31:21,"AMsySZZYmK98Ul0oiNY-IxBE5120","ABAjH0jvqI36uTs_tL--swCrmcLk",2
"830",2017-07-07 16:31:22,"AMsySZa9kis35Ek27CDzbhi-JH74","ABAjH0i6XEpxTxem3kRpoyvaEyuv",2
"831",2017-07-07 16:32:02,"AMsySZZzF_bxlf7HcqaOzGhrP4d-","ABAjH0iLrS0VpXnVDuv3v6tatEtm",2
"832",2017-07-07 16:32:06,"AMsySZbC_GyJ0XLJsvZwyE1luerq","ABAjH0jgn0_VT4XmHt53_Dnxl6b7",2
"833",2017-07-07 16:32:22,"AMsySZZT-sxEfkg5ayl4o8WKpN6O","ABAjH0hrw32vS5eOi-W1991BijSO",2
"834",2017-07-07 16:32:43,"AMsySZby9gcp42_TVulnm0TiYoy8","ABAjH0iobVAmuUEftcyqCok6Kl_M",2
"835",2017-07-07 16:32:57,"0","ABAjH0jEYMYNnxpq6lKY3UfVvE9M",2
"836",2017-07-07 16:32:58,"0","ABAjH0jRvtP_uEQNf7SinoHW7f1g",2
"837",2017-07-07 16:33:13,"0","ABAjH0hEzjeM4yv7ek4GG6FBb6r3",2
"838",2017-07-07 16:33:18,"0","ABAjH0gWnJ5yFUrvTvaJA7qA7s5r",2
"839",2017-07-07 16:33:20,"0","ABAjH0g3C7uw6NiAgrQQq1j_gYEo",2
"840",2017-07-07 16:33:27,"0","ABAjH0imd5Zo4UQh6YeqpYWh7_cP",2
"841",2017-07-07 16:33:30,"0","ABAjH0i_Yi3inXRNpQYXk9GwSYVm",2
"842",2017-07-07 16:33:39,"AMsySZYTqQQV8g6oUqq952mNDuYU","ABAjH0hqN4vs4QT4BJXjer0eE7-T",2
"843",2017-07-07 16:33:41,"0","ABAjH0gQImdTaNZ9zhhkP_i7Ksn0",2
"844",2017-07-07 16:34:00,"0","ABAjH0jx0ZD5Kx1OS_-YF3XyT229",2
"845",2017-07-07 16:34:10,"0","ABAjH0hfQxLjnAChNymmV24sNkge",2
"846",2017-07-07 16:34:19,"0","ABAjH0g5DI-nwVfWhpHybRsQZezF",2
"847",2017-07-07 16:34:24,"0","ABAjH0gKPQrPJwcgDSKWwPRlRUKE",2
"848",2017-07-07 16:34:25,"0","ABAjH0g708ioIZUkbyHwTd3CJr_D",2
"849",2017-07-07 16:34:30,"AMsySZZScAJo3CYMPMR_Ihrsbuh0","ABAjH0hRxLiBmleRkxbxIcL9-pP-",2
"850",2017-07-07 16:34:35,"0","ABAjH0jHVW2fn2w8QurJhTXIdkRq",2
"851",2017-07-07 16:34:40,"0","ABAjH0gr5RIgTSkKpf1LKgggNUII",2
"852",2017-07-07 16:34:49,"0","ABAjH0gYfT4KG6FiuO_b0zjtMIVV",2
"853",2017-07-07 16:34:53,"0","ABAjH0jYakf3y1uliOolVkX6b7o9",2
"854",2017-07-07 16:35:00,"AMsySZYTSuuQTYhm2JAQxmGkEtul","ABAjH0jT-0Pp0rsOOij6NOYnAcJY",2
"855",2017-07-07 16:35:03,"AMsySZZ-K-O0qQKDX5_Vmf915xJ2","ABAjH0h6_ZldJYyue5JP1FlOvFSe",2
"856",2017-07-07 16:35:18,"AMsySZZlYCdKHlFjMimlXFEI_akH","ABAjH0hIgDiOG96aNuWwmxBp_8ee",2
"857",2017-07-07 16:35:28,"AMsySZaHojCiAG8KiQQfMibT00Ck","ABAjH0hXcH_I0BEBx3r4lWa7e6FP",2
"858",2017-07-07 16:35:29,"AMsySZYcw2u45yvRNnZ9KkNkUO15","ABAjH0h_LhXTgV6so_lQFJO0XbB1",2
"859",2017-07-07 16:35:45,"0","ABAjH0h3K_QARUkd1cDhAmgPCbiW",2
"860",2017-07-07 16:36:11,"0","ABAjH0jWTy_gVCtLTFPnthlAxIph",2
"861",2017-07-07 16:36:23,"0","ABAjH0hpkEa7KDYP5_evjCAehzxs",2
"862",2017-07-07 16:37:01,"0","ABAjH0i_Sc4LyfDNAfsurFhvYaVU",2
"863",2017-07-07 16:37:03,"0","ABAjH0jOcRrAPdkK0VDeH8YefV4p",2
"864",2017-07-07 16:37:12,"0","ABAjH0h63lMh9zwSUL5lJllym0Iw",2
"865",2017-07-07 16:37:19,"0","ABAjH0gSIRoccm4BSS3bSocK6Mdd",2
"866",2017-07-07 16:37:24,"0","ABAjH0ieEsoe8_lgJVMbVMCAEggI",2
"867",2017-07-07 16:38:27,"0","ABAjH0jOfhj16Wu1-iM4V39GJSAf",2
"868",2017-07-07 16:39:52,"0","ABAjH0gOEPo3w20tnhfFsw-T_vTF",2
"869",2017-07-07 16:40:05,"AMsySZZRNnXRcXEabywR02tuiTzr","ABAjH0hsu2GYJQvlhS_ydOmGWMcA",2
"870",2017-07-07 16:40:17,"0","ABAjH0hSleHDj_82gxNs2LCNRnuK",2
"871",2017-07-07 16:40:42,"0","ABAjH0gkm4Hu56lJS1g7AQssTlWi",2
"872",2017-07-07 16:42:03,"AMsySZZE0knBqdB_N6H6RcCEh1wC","ABAjH0ji-9Ih7_pDBzguA97yTZ4c",2
"873",2017-07-07 16:42:09,"0","ABAjH0jhn7LYLk49WX2xd4EQUNna",2
"874",2017-07-07 16:43:50,"AMsySZYT3bNzOR6eIToyaIEcpGm3","ABAjH0iyj73Nw2MDAHKHDm9YL4xq",2
"875",2017-07-07 16:44:23,"0","ABAjH0gpdmgi3mqPimHK5lMWNG0N",2
"876",2017-07-07 16:44:51,"0","ABAjH0hpP0bbQvvm92ofaq3yHHwY",2
"877",2017-07-07 16:44:55,"0","ABAjH0gBgjidCxtJHPXuvirHp8Rh",2
"878",2017-07-07 16:45:18,"0","ABAjH0jquPYdrZgxyc_-Ke3NQyVq",2
"879",2017-07-07 16:45:32,"0","ABAjH0he0v8aDcUZ1HTsTBsV5FC3",2
"880",2017-07-07 16:45:32,"0","ABAjH0itbjkstIZRNnaCjMKt7Gaj",2
"881",2017-07-07 16:45:50,"0","ABAjH0j7IlnfVtMQh-S_a7CB-L_f",2
"882",2017-07-07 16:45:58,"0","ABAjH0h65otBjmEZQwMT595QcEup",2
"883",2017-07-07 16:46:04,"0","ABAjH0jgPJminpfjgRp9uFQo4dVl",2
"884",2017-07-07 16:46:07,"0","ABAjH0gfiWk_UruuVuXKvPUAZr8Y",2
"885",2017-07-07 16:46:12,"0","ABAjH0h9nQn3D3wHJIXfSP_3LWXW",2
"886",2017-07-07 16:46:21,"AMsySZYB99ScM50PZfAbi8Fp9daq","ABAjH0gnWgfxAQeMnUXcmm4dAhLD",2
"887",2017-07-07 16:46:23,"AMsySZZJjiRT7NoVYkcU1kxaH3zU","ABAjH0gHC21PopliHfc-ezOxq_cJ",2
"888",2017-07-07 16:46:36,"0","ABAjH0i3uF862D1jzYeeTQpQIUif",2
"889",2017-07-07 16:46:44,"0","ABAjH0h1TFDWsdpn-FBGAGtuC3yj",2
"890",2017-07-07 16:46:50,"0","ABAjH0jH-9Cy8vQNgLqyr7aUJaVz",2
"891",2017-07-07 16:46:51,"0","ABAjH0jDIsoIwSxKjC-nzyk5jCkO",2
"892",2017-07-07 16:46:54,"0","ABAjH0iEoXOSH1_WWto8U2yHhACt",2
"893",2017-07-07 16:47:02,"0","ABAjH0illZLL6p58ILVEq5ZPh_kk",2
"894",2017-07-07 16:47:11,"0","ABAjH0jU_O_fadtZs3-0qm97W9sz",2
"895",2017-07-07 16:47:13,"0","ABAjH0hRys-nmEA1PWV410nMz0nj",2
"896",2017-07-07 16:47:14,"0","ABAjH0inu2pdaPHnbLhWBYvkn6hH",2
"897",2017-07-07 16:47:15,"0","ABAjH0jMSN0q5cBbUsxYPj2UEmBl",2
"898",2017-07-07 16:47:17,"AMsySZZLsQ4TqDOKBXMT58BGFGkf","ABAjH0htHlm8iUN5x7lwLa2Zf7iB",2
"899",2017-07-07 16:47:25,"0","ABAjH0gDEOQkmbSy9qLXXKxRnLLk",2
"900",2017-07-07 16:47:27,"0","ABAjH0h0eVzqbHc6uPqj3xD10xfp",2
"901",2017-07-07 16:47:31,"AMsySZaakjktoNA1XDZ7KbhxJtoc","ABAjH0imUBIBs2W5rGdfzEjzEs5p",2
"902",2017-07-07 16:47:38,"0","ABAjH0jO_2JzVuCs2NXsTeYpPJqj",2
"903",2017-07-07 16:47:41,"0","ABAjH0iJdBpgFahFf0xxDXefZQ14",2
"904",2017-07-07 16:47:45,"AMsySZboaAH4xJFD_wxg4wHVSB15","ABAjH0jlyM0HxqoIV-2AxwPGcWjC",2
"905",2017-07-07 16:47:45,"0","ABAjH0gIlzvRuprfUTWp1tTbDUyc",2
"906",2017-07-07 16:47:50,"0","ABAjH0gc9qT6myH7MvpHEODDpEE9",2
"907",2017-07-07 16:47:54,"0","ABAjH0hE-F0EGr5gDEqaOjCsrS4A",2
"908",2017-07-07 16:47:54,"0","ABAjH0hn3S5g26x5qLM_jOwYB8vq",2
"909",2017-07-07 16:47:59,"0","ABAjH0icIehQXbpILKiFUUQUcucV",2
"910",2017-07-07 16:48:00,"0","ABAjH0iMHDrYOPjoCtAwqpcUNNx_",2
"911",2017-07-07 16:48:02,"0","ABAjH0jzgyNZ9GAoFc5j6UMuifbp",2
"912",2017-07-07 16:48:08,"AMsySZYgfcMo7Xw5eCKgOMqd4IWG","ABAjH0hqJDdScI7tRjyZfZlcLK3h",2
"913",2017-07-07 16:48:10,"0","ABAjH0hbv9BeeRFvRZbG-q--m0uj",2
"914",2017-07-07 16:48:16,"AMsySZbWljCoAYYq0pl_0RVXzu4T","ABAjH0iSjmSx7Wpy3tP-rLEXGZjg",2
"915",2017-07-07 16:48:19,"0","ABAjH0gVFpNhlWAS5pGuMAn71TYN",2
"916",2017-07-07 16:48:19,"AMsySZaRFFWMg2bCKu9fpFV2Ohq3","ABAjH0i0GHk2QOhV20AmdzUj5bXx",2
"917",2017-07-07 16:48:20,"AMsySZZt9KbVtU-DU74rOx3Zu9-R","ABAjH0j9EKcDZtqhPEGqGpkspz_Y",2
"918",2017-07-07 16:48:26,"0","ABAjH0ic-uoHFW_ce8HqPN2v7PwH",2
"919",2017-07-07 16:48:31,"AMsySZaF73RheuxPsPiIVFlb6IYY","ABAjH0jZKN-1L44QTsuKVVP8iXhT",2
"920",2017-07-07 16:48:31,"0","ABAjH0gvok8gVMxFyp5xtmj8yC4H",2
"921",2017-07-07 14:09:29,"0","ABAjH0jcPiYlh5ntkKBqGljulSjE",2
"922",2017-07-07 14:09:56,"0","ABAjH0idsVrA_CryBrYGoZvwB8Cx",2
"923",2017-07-07 14:09:59,"0","ABAjH0h300TH_C1mHbPJDxa-IcBL",2
"924",2017-07-07 14:11:19,"0","ABAjH0gm2NJmlSwZLQvR01p9bgS1",2
"925",2017-07-07 14:13:05,"0","ABAjH0inAVPa-ZAAmQgpK9Iq52Qy",2
"926",2017-07-07 14:13:17,"0","ABAjH0i3nfmuPur8ru6euCrC0T6Z",2
"927",2017-07-07 14:13:28,"0","ABAjH0iVsCMDg0VCnWZTWX9bPzPN",2
"928",2017-07-07 14:14:04,"0","ABAjH0hOhZ48mQY8InGlSjYPd_Gn",2
"929",2017-07-07 14:15:22,"0","ABAjH0i-LoiiDEHWw4Su-iXFtOap",2
"930",2017-07-07 14:17:15,"0","ABAjH0h2wuAzzu7K3lMVChxPZ0vc",2
"931",2017-07-07 14:17:53,"0","ABAjH0iIM-Nr-wAhtYKaOlw8t5j_",2
"932",2017-07-07 14:18:08,"0","ABAjH0jcpjWzAapCh8x-bUuuPhwo",2
"933",2017-07-07 14:18:21,"AMsySZYuqaPviyTvEXYoGs8jNPma","ABAjH0iqKy9lxSJnPBRFD9r8UxUJ",2
"934",2017-07-07 14:18:29,"AMsySZbYMkDJC6LY1M8B1mUDEdiB","ABAjH0imANehOiud9wF392CvQ6w-",2
"935",2017-07-07 14:18:38,"0","ABAjH0jkZpBvw0m7uZzfy0j_85my",2
"936",2017-07-07 14:18:59,"0","ABAjH0i42TI9TCx7ZvvFdvnEY8A9",2
"937",2017-07-07 14:19:21,"AMsySZZZO8dKJlrG591G3x7ESfvq","ABAjH0gRy7ssKj5_itjIg-10gJzK",2
"938",2017-07-07 14:19:23,"AMsySZbGXWXA-wdhAhTKoSdGS_l4","ABAjH0ggyEm92bOKxl4VKjh_q7yb",2
"939",2017-07-07 14:19:35,"0","ABAjH0hy7_ua4Q_wv9mDCKhyWRCe",2
"940",2017-07-07 14:19:42,"0","ABAjH0gIA1FLhrC94o5-GoMjUyTy",2
"941",2017-07-07 14:19:47,"0","ABAjH0iVXiy2QZFb6NjpnPUCXNn3",2
"942",2017-07-07 14:19:50,"AMsySZYzUGDyU0g4ghIOGG-jE43V","ABAjH0hu82cqm7VysKpEv6Zpq2aW",2
"943",2017-07-07 14:19:53,"AMsySZbtb28bD_E_1u2t7slc_Zju","ABAjH0hXcDtynfjA7qTTJmRSCX_N",2
"944",2017-07-07 14:19:56,"0","ABAjH0g_y8bBXf5FokQJt0IBbviT",2
"945",2017-07-07 14:20:23,"0","ABAjH0g0dIR2NaFQSftQuUcFiDlN",2
"946",2017-07-07 14:20:36,"0","ABAjH0jYt45iT56Yn3vrK-EY3ztB",2
"947",2017-07-07 14:20:36,"AMsySZay7gp9C4PdH-kWnzl9AHGK","ABAjH0hh2w39SjF6rTye3J53OUJp",2
"948",2017-07-07 14:20:42,"0","ABAjH0i1bEOwabBEzxjp3w8Sds3o",2
"949",2017-07-07 14:20:53,"AMsySZabz3uaUVHXDW1MSQA_pMhh","ABAjH0jdK7hN5hr9_jFjb0ZmMlWK",2
"950",2017-07-07 14:20:54,"0","ABAjH0gOnyvGtHO-8W5CXjFNMnD3",2
"951",2017-07-07 14:21:09,"AMsySZYt5vyL2seLgBWXCS2SelVY","ABAjH0jYFAOAV2k6Q82V8VYG4UNT",2
"952",2017-07-07 14:21:19,"AMsySZZ7y_8w3vsKzM4mvcdfae3y","ABAjH0hXDGoucdxoCKVJQjhoxDxV",2
"953",2017-07-07 14:21:21,"0","ABAjH0jYk6NL27DcnQoP2IVfKeF_",2
"954",2017-07-07 14:21:22,"AMsySZb-gMalOojzrSAHo49Vy0ED","ABAjH0gVL_2FrhJNGsdphqk_KAww",2
"955",2017-07-07 14:21:24,"0","ABAjH0h-DYE2n6uzfjlwFX3vbdX5",2
"956",2017-07-07 14:21:34,"0","ABAjH0ifRuAjcWim1nqRgBkd5qSo",2
"957",2017-07-07 14:21:39,"AMsySZYNGIlHR4VAze0z3SdvybRI","ABAjH0iq3PiZVOwR7sN-O9U9UaS0",2
"958",2017-07-07 14:21:43,"0","ABAjH0jo5R-oEI66TtN3TrF0xklf",2
"959",2017-07-07 14:21:56,"0","ABAjH0jMRdTFafdfMrKxO8JASZMf",2
"960",2017-07-07 14:21:57,"0","ABAjH0jvvyZsPgJ4Q3GRIGT8ul3F",2
"961",2017-07-07 14:22:00,"0","ABAjH0hcKpppiX0hn5TcxVf55i0l",2
"962",2017-07-07 14:22:17,"0","ABAjH0hXTNdyngmzL6wNecj4sasH",2
"963",2017-07-07 14:22:29,"0","ABAjH0g46mIbzM8KacSH8X5TxDwE",2
"964",2017-07-07 14:22:29,"AMsySZaQP-WP_ioaeFA2u-xUAgKQ","ABAjH0jp011hu8Xt_8CdMpuo5jg9",2
"965",2017-07-07 14:22:38,"0","ABAjH0i9UsQ1ipIcU3623bnE4Rwh",2
"966",2017-07-07 14:22:44,"0","ABAjH0ijjz16DaHC-NQrsIoUCYJL",2
"967",2017-07-07 14:22:47,"0","ABAjH0hWhm7V8smBe_X_8FUu4ueG",2
"968",2017-07-07 14:22:48,"AMsySZa8CltBLSmoLlo-XSHVdSPR","ABAjH0iuCA0NZ-yFMSjfemik5Vyi",2
"969",2017-07-07 14:22:57,"AMsySZbCB4Ha8KjJlUoFp-iP-BqN","ABAjH0h1Qtnq-V2_7MvQGpURUufO",2
"970",2017-07-07 14:23:08,"0","ABAjH0iSNhMI2-UozYtm6bPxA3nl",2
"971",2017-07-07 14:23:11,"0","ABAjH0iN5oIYQ0YcSxWxnTrjmj4b",2
"972",2017-07-07 14:23:17,"0","ABAjH0gvzmm66TToMQo6OMuEGq-E",2
"973",2017-07-07 14:23:28,"0","ABAjH0gGwVc8GUXyUxjJbkm1Uo40",2
"974",2017-07-07 14:23:36,"0","ABAjH0gnnr1OJgghFhu_vbR3M8bb",2
"975",2017-07-07 14:23:36,"0","ABAjH0hmRTL58w9oT5INtvqVWjaO",2
"976",2017-07-07 14:24:11,"AMsySZbcxKJ51hjxzRlJW4aCLEVr","ABAjH0hYsJRc-d4VdQG6mEcYWCoq",2
"977",2017-07-07 14:24:33,"AMsySZYbbFncIgdhXYS13aP38sFG","ABAjH0gD8OfI2rM55Slu9YKbfvT8",2
"978",2017-07-07 14:25:18,"0","ABAjH0ibQ1Op32VJDUNWzeiC2nRw",2
"979",2017-07-07 14:25:18,"0","ABAjH0jyWoELKRO1KSKX3-5UGAyg",2
"980",2017-07-07 14:25:20,"0","ABAjH0hgLiwxwkCDOWrkgk-O0WGh",2
"981",2017-07-07 14:25:27,"AMsySZY0GEn8DEAnWPa_Q_FnP0bS","ABAjH0hw1NrI_BdrmxVdoS9mAYcC",2
"982",2017-07-07 14:25:37,"0","ABAjH0gXH0h5-rh11dNK0_Wp2FhL",2
"983",2017-07-07 14:25:47,"0","ABAjH0jztjM0cc95oEYyudtzIl70",2
"984",2017-07-07 14:25:53,"0","ABAjH0jve65GqJTuyic2R2gkZxXS",2
"985",2017-07-07 14:26:34,"AMsySZarQAWMfk7swrg3ujE7fhel","ABAjH0gfw5oY00mSBvgqQd0Nxjj0",2
"986",2017-07-07 14:26:35,"0","ABAjH0iCeNvXPIgDtuGGit-FaEPb",2
"987",2017-07-07 14:26:38,"AMsySZZnBIGHbOFSvwfIyDm1YZw4","ABAjH0jddNn307RLenggpuQI8WdJ",2
"988",2017-07-07 14:26:45,"AMsySZYFa2b1U_e-5J6MYq9Bj5DT","ABAjH0gjZyhCRzwNqNHT9dFA0p5z",2
"989",2017-07-07 14:26:52,"0","ABAjH0ieV9cUwJrOJ6qEyOCYF_8_",2
"990",2017-07-07 14:27:10,"AMsySZaQ0pYZ2lWnWsHap_QMGQGq","ABAjH0iocLb7vqKpuc8iQOTx5R6F",2
"991",2017-07-07 14:27:38,"0","ABAjH0g7EP5zbOT1V-1LMcBIcmuD",2
"992",2017-07-07 14:27:38,"AMsySZZZNDAD1uKM4oZuTLoJ3lPM","ABAjH0gGGPG7Far8dDHD16kkYa8N",2
"993",2017-07-07 14:27:48,"0","ABAjH0jx3AMs2ipIDXTEaDyF-pgJ",2
"994",2017-07-07 14:27:50,"0","ABAjH0gze5r33MJRmiE5Xvo-UHDA",2
"995",2017-07-07 14:28:15,"0","ABAjH0jd_UGCEWyxjbj1_ifWCB0t",2
"996",2017-07-07 14:28:28,"0","ABAjH0jLdQgjPKyRDJ_UhfrmKr0D",2
"997",2017-07-07 14:28:38,"0","ABAjH0htzsWEjbOSQsyGu9HWgpGz",2
"998",2017-07-07 14:29:00,"0","ABAjH0iGbwNNhMm7xSZOwI1XCe_p",2
"999",2017-07-07 14:29:14,"AMsySZbwXxWroFsHj5YLgfRw0RnZ","ABAjH0ikQuyRQSnBK6hmI8mZnr_G",2
"1000",2017-07-07 14:29:20,"0","ABAjH0iqDoe3bwS0UqQB9kSNs_p1",2
